segment_id,segment_name,campaign_family,campaign_intent,rfm_segment,data_usage_segment,voice_usage_segment,data_usage_trend,voice_usage_trend,opportunity,nbo_action,customer_signal,customer_meaning,subs_count,arpu_avg_or,arpu_min_or,arpu_max_or,total_revenue_or,data_revenue_or,voice_revenue_or,recharges_per_month_avg,recharge_amount_avg_or,recharge_frequency_days,avg_data_gb,avg_voice_min,churn_risk_score,activity_score,inactive_days,tenure_months_avg,current_pack_type,offer_affinity,business_context,customer_count,avg_arpu
Seg-4852,Champions — Silent (Retention),retention,reduce_churn,Champions,Zero,Zero,Declining,Declining,Retention,Heavy win-back,Total Drop,Completely inactive,16270,3.56,1.49,8.45,57921.2,28960.6,28960.6,1.03,3.79,29,0.0,0,0.49,0.57,80,12,inactive,reactivation_bonus|starter_pack,prepaid,16270,3.56
Seg-10879,Potential Loyalist — Voice Heavy (Retention),retention,reduce_churn,Potential Loyalist,Zero,high,Declining,Declining,Retention,Offer discounted combo plan,Voice declining,Data absent,49544,4.64,2.41,9.44,229884.16,22988.42,206895.74,0.86,5.22,35,0.0,240,0.32,0.69,8,47,voice_heavy,voice_pack|cross_sell_addon,prepaid,49544,4.64
Seg-10781,Potential Loyalist — ZeroD-LowV (Retention),retention,reduce_churn,Potential Loyalist,Zero,low,Declining,Declining,Retention,Offer free recharge benefit,Usage declining,User disengaging,60678,2.57,1.09,5.87,155942.46,15594.25,140348.21,1.07,2.63,28,0.0,46,0.33,0.73,7,40,monthly_combo,combo_pack|retention_pack,prepaid,60678,2.57
Seg-10830,Potential Loyalist — ZeroD-MediumV (Retention),retention,reduce_churn,Potential Loyalist,Zero,medium,Declining,Declining,Retention,Offer low-cost combo pack,Voice declining,Data missing,50044,2.28,1.22,5.89,114100.32,11410.03,102690.29,0.88,2.68,34,0.0,110,0.35,0.68,8,48,monthly_combo,combo_pack|retention_pack,prepaid,50044,2.28
Seg-10928,Potential Loyalist — Voice Heavy (Retention),retention,reduce_churn,Potential Loyalist,Zero,very_high,Declining,Declining,Retention,Offer voice+data combo at discount,Voice declining,Data absent,60109,7.07,2.89,21.05,424970.63,42497.06,382473.57,0.97,7.68,31,0.0,319,0.35,0.69,4,73,voice_heavy,voice_pack|cross_sell_addon,prepaid,60109,7.07
Seg-4656,Champions — ZeroD-LowV (Retention),retention,reduce_churn,Champions,Zero,low,Declining,Declining,Retention,Strong win-back,Usage Collapse,High value user dropping,17813,3.84,1.81,12.18,68401.92,6840.19,61561.73,1.11,3.26,27,0.0,43,0.22,0.85,7,71,monthly_combo,combo_pack|retention_pack,prepaid,17813,3.84
Seg-9997,Potential Loyalist — LowD-ZeroV (Retention),retention,reduce_churn,Potential Loyalist,low,Zero,Declining,Declining,Retention,Offer low-cost data booster,Usage declining across services,User disengaging fast,50875,2.22,1.08,6.28,112942.5,101648.25,11294.25,1.03,2.21,29,2.84,0,0.35,0.73,6,43,monthly_combo,combo_pack|retention_pack,prepaid,50875,2.22
Seg-9801,Potential Loyalist — LowD-LowV (Retention),retention,reduce_churn,Potential Loyalist,low,low,Declining,Declining,Retention,Win-back low price pack,Overall usage declining,User highly disengaged,61451,2.41,1.25,4.56,148096.91,81453.3,66643.61,0.86,3.03,35,3.25,44,0.26,0.73,5,9,monthly_combo,combo_pack|retention_pack,prepaid,61451,2.41
Seg-4362,Champions — Data Heavy (Retention),retention,reduce_churn,Champions,high,Zero,Declining,Declining,Retention,Priority retention,Data Premium Declining,High data user declining,19401,11.03,4.72,35.18,213993.03,192593.73,21399.3,1.03,9.75,29,13.62,0,0.23,0.76,3,19,data_heavy,data_addon|ott_bundle,prepaid,19401,11.03
Seg-4264,Champions — Premium Dual (Retention),retention,reduce_churn,Champions,high,high,Declining,Declining,Retention,Priority retention,Balanced Decline,High value declining,20569,16.13,5.93,33.47,331777.97,182477.88,149300.09,1.11,13.12,27,12.89,192,0.07,0.93,4,42,premium_combo,ott_bundle|loyalty_pack,prepaid,20569,16.13
Seg-4166,Champions — Data Heavy (Retention),retention,reduce_churn,Champions,high,low,Declining,Declining,Retention,Priority retention,Data User Declining,High data user declining,19940,12.31,6.03,24.2,245461.4,207698.11,37763.29,1.03,12.96,29,13.97,41,0.1,0.94,3,49,data_heavy,data_addon|ott_bundle,prepaid,19940,12.31
Seg-4215,Champions — HighD-MediumV (Retention),retention,reduce_churn,Champions,high,medium,Declining,Declining,Retention,Priority retention,Balanced Decline,High value declining,21297,13.41,4.78,28.86,285592.77,196345.03,89247.74,0.94,13.97,32,13.83,130,0.06,0.92,6,72,monthly_combo,combo_pack|retention_pack,prepaid,21297,13.41
Seg-4313,Champions — Premium Dual (Retention),retention,reduce_churn,Champions,high,very_high,Declining,Declining,Retention,Priority retention,Premium Declining,High value declining,16873,20.81,9.37,63.78,351127.13,154495.94,196631.19,1.2,17.77,25,13.84,320,0.05,0.94,8,38,premium_combo,ott_bundle|loyalty_pack,prepaid,16873,20.81
Seg-3872,Champions — LowD-ZeroV (Retention),retention,reduce_churn,Champions,low,Zero,Declining,Declining,Retention,Urgent win-back,Silent Decline,High value disengaging,20331,3.55,1.58,10.37,72175.05,64957.55,7217.5,1.11,3.17,27,3.28,0,0.23,0.81,5,8,monthly_combo,combo_pack|retention_pack,prepaid,20331,3.55
Seg-3774,Champions — Voice Heavy (Retention),retention,reduce_churn,Champions,low,high,Declining,Declining,Retention,Targeted retention,Voice Heavy Decline,High value dropping,14677,8.84,4.82,25.79,129744.68,27712.46,102032.22,1.07,7.69,28,3.01,217,0.09,0.91,2,26,voice_heavy,voice_pack|cross_sell_addon,prepaid,14677,8.84
Seg-10977,Potential Loyalist — Silent (Reactivation),reactivation,reactivate_inactive,Potential Loyalist,Zero,Zero,Declining,Declining,Reactivation,Aggressive win-back offer,Fully declining user,Completely disengaged,44488,2.55,0.92,6.57,113444.4,56722.2,56722.2,0.94,2.48,32,0.0,0,0.56,0.54,46,8,inactive,reactivation_bonus|starter_pack,prepaid,44488,2.55
Seg-7549,Lost — LowD-ZeroV (Reactivation),reactivation,reactivate_inactive,Lost,low,Zero,Declining,Early Recovery,Reactivation,Voice-first comeback,Voice Awakening Data Lost,Voice begins recovery while data falls,5992,0.54,0.28,1.36,3235.68,2912.11,323.57,0.3,1.85,101,3.46,0,0.98,0.13,60,27,monthly_combo,combo_pack|retention_pack,prepaid,5992,0.54
Seg-8529,Lost — Silent (Reactivation),reactivation,reactivate_inactive,Lost,Zero,Zero,Declining,Early Recovery,Reactivation,Starter data comeback pack,Data Reawakening Lost,Data shows early return but voice absent,5184,0.54,0.21,1.62,2799.36,1399.68,1399.68,0.26,1.72,114,0.0,0,0.98,0.2,56,45,inactive,reactivation_bonus|starter_pack,prepaid,5184,0.54
Seg-8431,Lost — Voice Heavy (Reactivation),reactivation,reactivate_inactive,Lost,Zero,high,Declining,Early Recovery,Reactivation,High voice comeback plan,High Voice Early Return,Voice shows comeback despite zero data,6206,0.96,0.35,2.73,5957.76,595.78,5361.98,0.29,3.36,105,0.0,207,0.98,0.18,50,29,voice_heavy,voice_pack|cross_sell_addon,prepaid,6206,0.96
Seg-8333,Lost — ZeroD-LowV (Reactivation),reactivation,reactivate_inactive,Lost,Zero,low,Declining,Early Recovery,Reactivation,Low voice comeback pack,Voice Reawakening Lost,Voice shows early comeback despite data loss,5256,0.55,0.22,1.68,2890.8,289.08,2601.72,0.26,1.7,114,0.0,50,0.98,0.12,34,38,monthly_combo,combo_pack|retention_pack,prepaid,5256,0.55
Seg-8382,Lost — ZeroD-MediumV (Reactivation),reactivation,reactivate_inactive,Lost,Zero,medium,Declining,Early Recovery,Reactivation,Voice comeback starter,Voice Early Return Lost,Voice shows comeback despite no data,5632,0.5,0.22,1.21,2816.0,281.6,2534.4,0.29,1.63,102,0.0,123,0.98,0.12,67,52,monthly_combo,combo_pack|retention_pack,prepaid,5632,0.5
Seg-8480,Lost — Voice Heavy (Reactivation),reactivation,reactivate_inactive,Lost,Zero,very_high,Declining,Early Recovery,Reactivation,VIP voice comeback,Ultra Voice Early Return,Very high voice begins comeback despite no data,6395,1.53,0.64,3.92,9784.35,978.44,8805.91,0.31,5.32,97,0.0,317,0.98,0.14,29,30,voice_heavy,voice_pack|cross_sell_addon,prepaid,6395,1.53
Seg-7353,Lost — LowD-LowV (Reactivation),reactivation,reactivate_inactive,Lost,low,low,Declining,Early Recovery,Reactivation,Voice-first retention,Voice Recovery with Data Decline,Voice improving while data weakens,7190,0.58,0.21,1.07,4170.2,2293.61,1876.59,0.28,1.75,109,3.28,45,0.98,0.17,34,42,monthly_combo,combo_pack|retention_pack,prepaid,7190,0.58
Seg-1182,About to Sleep — Silent (Aggressive Win-Back),reactivation,reactivate_inactive,About to Sleep,Zero,Zero,Declining,Rapid Expansion,Aggressive Win-Back,Shock comeback offer,Sudden Wake-Up Burst,Previously sleeping customer rapidly reactivating,12340,1.45,0.64,3.05,17893.0,8946.5,8946.5,0.51,2.77,59,0.0,0,0.98,0.18,87,22,inactive,reactivation_bonus|starter_pack,prepaid,12340,1.45
Seg-1084,About to Sleep — Voice Heavy (Aggressive Win-Back),reactivation,reactivate_inactive,About to Sleep,Zero,high,Declining,Rapid Expansion,Aggressive Win-Back,Voice turbo relaunch,Rapid High Voice Return,Sudden surge in voice reactivation,9580,2.45,0.93,7.47,23471.0,2347.1,21123.9,0.59,4.53,51,0.0,189,0.91,0.18,42,6,voice_heavy,voice_pack|cross_sell_addon,prepaid,9580,2.45
Seg-4757,Champions — Voice Heavy (Upsell),upsell,increase_arpu,Champions,Zero,high,Declining,Strong Growth,Upsell,Data starter pack,Voice Growth,Active calling,22119,9.37,3.4,18.79,207255.03,20725.5,186529.53,1.11,8.49,27,0.0,231,0.21,0.8,5,81,voice_heavy,voice_pack|cross_sell_addon,prepaid,22119,9.37
Seg-4806,Champions — Voice Heavy (Upsell),upsell,increase_arpu,Champions,Zero,very_high,Declining,Strong Growth,Upsell,Data starter pack,Voice Growth,High engagement,22773,13.36,4.76,38.59,304247.28,30424.73,273822.55,1.25,10.44,24,0.0,286,0.19,0.82,0,78,voice_heavy,voice_pack|cross_sell_addon,prepaid,22773,13.36
Seg-4708,Champions — ZeroD-MediumV (Upsell),upsell,increase_arpu,Champions,Zero,medium,Declining,Strong Growth,Upsell,Small data pack,Voice Improving,Usage growing,26241,5.16,2.6,16.37,135403.56,13540.36,121863.2,1.11,4.22,27,0.0,105,0.17,0.84,0,33,monthly_combo,combo_pack|retention_pack,prepaid,26241,5.16
Seg-3777,Champions — Voice Heavy (Upsell),upsell,increase_arpu,Champions,low,high,Declining,Strong Growth,Upsell,Data starter pack,Voice Driven Growth,"Voice strong, data gap",27324,10.66,5.76,29.75,291273.84,62213.83,229060.01,0.97,10.99,31,3.2,194,0.07,0.97,8,44,voice_heavy,voice_pack|cross_sell_addon,prepaid,27324,10.66
Seg-3826,Champions — Voice Heavy (Upsell),upsell,increase_arpu,Champions,low,very_high,Declining,Strong Growth,Upsell,Data starter pack,Voice Dominant,"Voice strong, data gap",24298,17.1,8.21,48.31,415495.8,61762.89,353732.91,1.0,15.59,30,2.74,293,0.07,0.89,1,49,voice_heavy,voice_pack|cross_sell_addon,prepaid,24298,17.1
Seg-7403,Lost — LowD-MediumV (Upsell),upsell,increase_arpu,Lost,low,medium,Declining,Strong Growth,Upsell,Data booster,Voice Strong Despite Weak Data,"Voice strongly active, data poor",9718,0.99,0.37,2.87,9620.82,3159.08,6461.74,0.31,3.04,97,2.83,114,0.94,0.18,21,49,monthly_combo,combo_pack|retention_pack,prepaid,9718,0.99
Seg-1915,At Risk — Data Heavy (Upsell),upsell,increase_arpu,At Risk,high,Zero,Declining,Strong Growth,Upsell,Combo correction plan,Voice Rebound Data Drop,"Voice grows, data declines",23689,4.71,1.94,10.94,111575.19,100417.67,11157.52,0.67,7.18,45,15.19,0,0.86,0.27,52,82,data_heavy,data_addon|ott_bundle,prepaid,23689,4.71
Seg-2160,At Risk — Data Heavy (Upsell),upsell,increase_arpu,At Risk,very_high,Zero,Declining,Strong Growth,Upsell,Elite combo correction,Voice Rebound Elite Data Drop,"Voice grows, data declines",32712,6.61,2.4,21.15,216226.32,194603.69,21622.63,0.68,9.39,44,19.43,0,0.9,0.28,63,29,data_heavy,data_addon|ott_bundle,prepaid,32712,6.61
Seg-5820,Customers needing Attention — Data Heavy (Upsell),upsell,increase_arpu,Customers needing Attention,very_high,Zero,Declining,Strong Growth,Upsell,Combo correction plan,Voice Rebound Data Drop,"Voice grows, data declines",40234,8.23,3.72,15.07,331125.82,298013.24,33112.58,0.83,10.13,36,22.11,0,0.64,0.41,21,66,data_heavy,data_addon|ott_bundle,prepaid,40234,8.23
Seg-5624,Customers needing Attention — Data Heavy (Upsell),upsell,increase_arpu,Customers needing Attention,very_high,low,Declining,Strong Growth,Upsell,Voice booster,Voice Rebound,"Data declines, voice rises sharply",36514,9.4,4.9,24.9,343231.6,307312.01,35919.59,0.81,12.57,37,23.23,42,0.58,0.48,16,9,data_heavy,data_addon|ott_bundle,prepaid,36514,9.4
Seg-8434,Lost — Voice Heavy (Upsell),upsell,increase_arpu,Lost,Zero,high,Declining,Rapid Expansion,Upsell,Voice premium elite,High Voice Rapid Return,Voice rapidly expands despite no data,9715,1.27,0.68,3.23,12338.05,1233.81,11104.24,0.32,4.0,94,0.0,195,0.98,0.17,56,10,voice_heavy,voice_pack|cross_sell_addon,prepaid,9715,1.27
Seg-8336,Lost — ZeroD-LowV (Upsell),upsell,increase_arpu,Lost,Zero,low,Declining,Rapid Expansion,Upsell,Voice growth premium,Voice Revival Lost,Voice rapidly rebounds despite zero data,12334,0.71,0.26,1.49,8757.14,875.71,7881.43,0.29,2.29,103,0.0,48,0.98,0.12,47,42,monthly_combo,combo_pack|retention_pack,prepaid,12334,0.71
Seg-8385,Lost — ZeroD-MediumV (Upsell),upsell,increase_arpu,Lost,Zero,medium,Declining,Rapid Expansion,Upsell,Voice premium max,Voice Rapid Return Lost,Voice rapidly expanding despite zero data,13625,0.67,0.29,1.86,9128.75,912.88,8215.87,0.26,2.4,114,0.0,104,0.98,0.19,24,9,monthly_combo,combo_pack|retention_pack,prepaid,13625,0.67
Seg-7552,Lost — LowD-ZeroV (Upsell),upsell,increase_arpu,Lost,low,Zero,Declining,Rapid Expansion,Upsell,Voice premium relaunch,Voice Rapid Revival Lost,"Voice rapidly rebounds, data weak",11954,0.63,0.34,1.41,7531.02,6777.92,753.1,0.29,1.96,104,3.43,0,0.98,0.2,24,23,monthly_combo,combo_pack|retention_pack,prepaid,11954,0.63
Seg-7452,Lost — Voice Heavy (Upsell),upsell,increase_arpu,Lost,low,high,Declining,Strong Growth,Upsell,Data migration pack,High Voice Strength Weak Data,Voice strongly active despite poor data,13667,1.35,0.49,3.79,18450.45,3940.87,14509.58,0.27,4.2,113,3.55,218,0.94,0.19,35,16,voice_heavy,voice_pack|cross_sell_addon,prepaid,13667,1.35
Seg-4610,Champions — Data Heavy (Cross-sell),cross_sell,cross_sell,Champions,very_high,Zero,Declining,Strong Growth,Cross-sell,Voice starter pack,Data Growth,"Data strong, voice absent",9639,21.87,11.09,52.79,210804.93,189724.44,21080.49,1.11,17.76,27,19.13,0,0.19,0.81,5,46,data_heavy,data_addon|ott_bundle,prepaid,9639,21.87
Seg-4365,Champions — Data Heavy (Cross-sell),cross_sell,cross_sell,Champions,high,Zero,Declining,Strong Growth,Cross-sell,Voice starter pack,Data Growth,Strong data usage,12643,11.99,5.6,28.45,151589.57,136430.61,15158.96,1.03,10.59,29,15.65,0,0.15,0.84,5,65,data_heavy,data_addon|ott_bundle,prepaid,12643,11.99
Seg-10292,Potential Loyalist — Data Heavy (Cross-sell),cross_sell,cross_sell,Potential Loyalist,high,low,Declining,Dormant,Cross-sell,Voice activation,Voice Dead,Data only user,34046,6.77,3.32,19.94,230491.42,195031.2,35460.22,0.83,7.6,36,13.08,41,0.21,0.79,2,38,data_heavy,data_addon|ott_bundle,prepaid,34046,6.77
Seg-3728,Champions — LowD-MediumV (Cross-sell),cross_sell,cross_sell,Champions,low,medium,Declining,Strong Growth,Cross-sell,Combo pack,Voice Growth,Voice increasing,11252,7.21,3.53,14.47,81126.92,26638.69,54488.23,1.07,7.37,28,3.64,134,0.12,0.89,1,14,monthly_combo,combo_pack|retention_pack,prepaid,11252,7.21
Seg-4120,Champions — MediumD-ZeroV (Cross-sell),cross_sell,cross_sell,Champions,medium,Zero,Declining,Strong Growth,Cross-sell,Voice starter pack,Data Growth,Strong data usage,12709,7.76,4.18,24.72,98621.84,88759.66,9862.18,1.11,6.84,27,7.42,0,0.15,0.9,4,7,monthly_combo,combo_pack|retention_pack,prepaid,12709,7.76
Seg-10341,Potential Loyalist — HighD-MediumV (Cross-sell),cross_sell,cross_sell,Potential Loyalist,high,medium,Declining,Dormant,Cross-sell,Voice booster,Voice Weak,Data strong,32417,7.74,3.58,21.85,250907.58,172498.96,78408.62,0.83,8.94,36,13.76,103,0.25,0.83,4,12,monthly_combo,combo_pack|retention_pack,prepaid,32417,7.74
Seg-3924,Champions — MediumD-LowV (Cross-sell),cross_sell,cross_sell,Champions,medium,low,Declining,Strong Growth,Cross-sell,Voice starter pack,Voice Pickup,Voice improving,9436,8.6,3.34,17.29,81149.6,61140.11,20009.49,1.15,7.56,26,8.91,43,0.15,0.87,1,6,monthly_combo,combo_pack|retention_pack,prepaid,9436,8.6
Seg-8039,Lost — Data Heavy (Cross-sell),cross_sell,cross_sell,Lost,high,Zero,Declining,Early Recovery,Cross-sell,Voice starter + data saver,Data Weak Voice Awakening,Data declining while voice begins recovery,5519,1.6,0.62,3.79,8830.4,7947.36,883.04,0.24,5.69,123,16.34,0,0.98,0.16,68,33,data_heavy,data_addon|ott_bundle,prepaid,5519,1.6
Seg-7843,Lost — Data Heavy (Cross-sell),cross_sell,cross_sell,Lost,high,low,Declining,Early Recovery,Cross-sell,Voice starter + retention,Voice Recovering Weak Data,Voice begins recovery while data declines,4831,1.61,0.64,3.28,7777.91,6581.31,1196.6,0.31,5.69,97,16.05,43,0.94,0.17,61,28,data_heavy,data_addon|ott_bundle,prepaid,4831,1.61
Seg-7892,Lost — HighD-MediumV (Cross-sell),cross_sell,cross_sell,Lost,high,medium,Declining,Early Recovery,Cross-sell,Voice-led retention,Voice Recovery Weak Data,Voice starts recovering while data declines,5647,2.16,0.83,5.29,12197.52,8385.8,3811.72,0.29,7.46,104,15.26,123,0.95,0.24,48,81,monthly_combo,combo_pack|retention_pack,prepaid,5647,2.16
Seg-10488,Potential Loyalist — Data Heavy (Activation),activation,increase_activity,Potential Loyalist,high,Zero,Declining,Dormant,Activation,Free voice trial,No Voice Usage,Never used voice,33113,5.47,2.77,16.7,181128.11,163015.3,18112.81,0.91,5.66,33,14.43,0,0.34,0.69,5,64,data_heavy,data_addon|ott_bundle,prepaid,33113,5.47
Seg-10733,Potential Loyalist — Data Heavy (Activation),activation,increase_activity,Potential Loyalist,very_high,Zero,Declining,Dormant,Activation,Free voice trial,No Voice Usage,Data-only user,32501,8.03,3.86,19.71,260983.03,234884.73,26098.3,0.86,9.91,35,25.03,0,0.3,0.71,0,73,data_heavy,data_addon|ott_bundle,prepaid,32501,8.03
Seg-1080,About to Sleep — Voice Heavy (Activation),activation,increase_activity,About to Sleep,Zero,high,Declining,Dormant,Activation,Voice rescue premium,Fading High Voice User,High-value voice customer slipping inactive,11860,1.4,0.67,2.86,16604.0,1660.4,14943.6,0.52,2.64,58,0.0,194,0.92,0.25,36,27,voice_heavy,voice_pack|cross_sell_addon,prepaid,11860,1.4
Seg-982,About to Sleep — ZeroD-LowV (Activation),activation,increase_activity,About to Sleep,Zero,low,Declining,Dormant,Activation,Last call reactivation,Fading Low Voice User,Declining low voice customer becoming inactive,9624,0.79,0.28,2.02,7602.96,760.3,6842.66,0.53,1.36,57,0.0,47,0.97,0.15,48,66,monthly_combo,combo_pack|retention_pack,prepaid,9624,0.79
Seg-1031,About to Sleep — ZeroD-MediumV (Activation),activation,increase_activity,About to Sleep,Zero,medium,Declining,Dormant,Activation,Voice reactivation medium,Fading Medium Voice User,Declining medium voice customer slipping inactive,10496,0.74,0.37,1.53,7767.04,776.7,6990.34,0.51,1.58,59,0.0,122,0.96,0.2,34,18,monthly_combo,combo_pack|retention_pack,prepaid,10496,0.74
Seg-198,About to Sleep — LowD-ZeroV (Activation),activation,increase_activity,About to Sleep,low,Zero,Declining,Dormant,Activation,Starter pack revive,Low Digital User Going Dormant,Light digital user slipping inactive,12018,0.78,0.37,1.92,9374.04,8436.64,937.4,0.5,1.41,60,2.88,0,0.97,0.16,41,13,monthly_combo,combo_pack|retention_pack,prepaid,12018,0.78
Seg-2,About to Sleep — LowD-LowV (Activation),activation,increase_activity,About to Sleep,low,low,Declining,Dormant,Activation,Starter reactivation,Fading Entry User,Low-engagement user slipping toward inactivity,9527,0.75,0.32,2.05,7145.25,3929.89,3215.36,0.57,1.38,53,3.15,41,0.81,0.28,69,81,monthly_combo,combo_pack|retention_pack,prepaid,9527,0.75
Seg-51,About to Sleep — LowD-MediumV (Activation),activation,increase_activity,About to Sleep,low,medium,Declining,Dormant,Activation,Voice revive basic,Fading Voice-First User,Moderate voice user slipping toward dormancy,9209,1.19,0.48,3.42,10958.71,3598.38,7360.33,0.51,2.11,59,3.58,104,0.83,0.3,36,65,monthly_combo,combo_pack|retention_pack,prepaid,9209,1.19
Seg-1179,About to Sleep — Silent (Nurture),nurture,increase_activity,About to Sleep,Zero,Zero,Declining,Early Recovery,Nurture,Starter comeback pack,Early Wake Signal,Weak customer showing first signs of return,9371,1.18,0.5,2.87,11057.78,5528.89,5528.89,0.57,2.04,53,0.0,0,0.98,0.13,54,27,inactive,reactivation_bonus|starter_pack,prepaid,9371,1.18
Seg-1081,About to Sleep — Voice Heavy (Nurture),nurture,increase_activity,About to Sleep,Zero,high,Declining,Early Recovery,Nurture,Recovery starter high,Early High Voice Recovery,Declining user showing first comeback signs,11194,1.95,0.93,5.95,21828.3,2182.83,19645.47,0.58,3.11,52,0.0,214,0.97,0.16,52,24,voice_heavy,voice_pack|cross_sell_addon,prepaid,11194,1.95
Seg-983,About to Sleep — ZeroD-LowV (Nurture),nurture,increase_activity,About to Sleep,Zero,low,Declining,Early Recovery,Nurture,Voice starter pack,Early Voice Recovery,Declining customer showing first voice recovery signs,9250,1.16,0.55,3.08,10730.0,1073.0,9657.0,0.56,2.13,54,0.0,47,0.89,0.19,58,29,monthly_combo,combo_pack|retention_pack,prepaid,9250,1.16
Seg-1032,About to Sleep — ZeroD-MediumV (Nurture),nurture,increase_activity,About to Sleep,Zero,medium,Declining,Early Recovery,Nurture,Recovery starter medium,Early Medium Voice Recovery,Declining customer showing initial comeback,11441,1.11,0.5,2.54,12699.51,1269.95,11429.56,0.48,2.3,62,0.0,107,0.95,0.19,63,18,monthly_combo,combo_pack|retention_pack,prepaid,11441,1.11
Seg-689,About to Sleep — Data Heavy (Nurture),nurture,increase_activity,About to Sleep,high,Zero,Declining,Early Recovery,Nurture,Data recovery starter,Early Digital Recovery,Declining high-data user showing first comeback signs,9985,2.88,1.47,8.12,28756.8,25881.12,2875.68,0.55,4.79,55,14.17,0,0.88,0.28,62,25,data_heavy,data_addon|ott_bundle,prepaid,9985,2.88
Seg-591,About to Sleep — Premium Dual (Nurture),nurture,increase_activity,About to Sleep,high,high,Declining,Early Recovery,Nurture,Premium recovery start,Early Premium Recovery,Declining premium customer showing first recovery signs,9360,4.5,2.28,10.04,42120.0,23166.0,18954.0,0.53,8.6,57,13.57,199,0.86,0.31,65,7,premium_combo,ott_bundle|loyalty_pack,prepaid,9360,4.5
Seg-493,About to Sleep — Data Heavy (Nurture),nurture,increase_activity,About to Sleep,high,low,Declining,Early Recovery,Nurture,Recovery starter bundle,Early Mixed Recovery,Declining customer showing first signs of comeback,9814,3.65,1.94,11.17,35821.1,30310.16,5510.94,0.55,6.1,55,15.36,43,0.82,0.27,54,81,data_heavy,data_addon|ott_bundle,prepaid,9814,3.65
Seg-2408,At Risk — Silent (Monitor),monitor,recommend_best_campaign,At Risk,Zero,Zero,Declining,no_trend,Monitor,Close inactivity watch,Unclear Zero Decline,Usage weak with uncertain movement,14004,1.43,0.63,2.92,20025.72,10012.86,10012.86,0.73,1.96,41,0.0,0,0.98,0.21,50,46,inactive,reactivation_bonus|starter_pack,prepaid,14004,1.43
Seg-6068,Customers needing Attention — Silent (Monitor),monitor,recommend_best_campaign,Customers needing Attention,Zero,Zero,Declining,no_trend,Monitor,Observe inactivity,Unclear Silence,"No data, no clear voice trend",17217,1.81,0.9,4.97,31162.77,15581.39,15581.38,0.75,2.65,40,0.0,0,0.87,0.27,42,26,inactive,reactivation_bonus|starter_pack,prepaid,17217,1.81
Seg-2310,At Risk — Voice Heavy (Monitor),monitor,recommend_best_campaign,At Risk,Zero,high,Declining,no_trend,Monitor,Monitor high voice,Stable High Voice Risk,Voice strong but unclear,14154,2.62,1.03,8.17,37083.48,3708.35,33375.13,0.56,5.06,54,0.0,245,0.86,0.3,49,67,voice_heavy,voice_pack|cross_sell_addon,prepaid,14154,2.62
Seg-2212,At Risk — ZeroD-LowV (Monitor),monitor,recommend_best_campaign,At Risk,Zero,low,Declining,no_trend,Monitor,Observe low user,Low Voice Unclear,Weak voice with uncertain trend,14385,1.38,0.66,4.13,19851.3,1985.13,17866.17,0.57,2.25,53,0.0,53,0.83,0.28,64,32,monthly_combo,combo_pack|retention_pack,prepaid,14385,1.38
Seg-2261,At Risk — ZeroD-MediumV (Monitor),monitor,recommend_best_campaign,At Risk,Zero,medium,Declining,no_trend,Monitor,Track medium voice,Unclear Voice Medium,Voice stable but unclear,15629,1.28,0.65,2.93,20005.12,2000.51,18004.61,0.6,1.95,50,0.0,102,0.85,0.28,21,32,monthly_combo,combo_pack|retention_pack,prepaid,15629,1.28
Seg-4658,Champions — ZeroD-LowV (NBO),growth,increase_arpu,Champions,Zero,low,Declining,Early Recovery,NBO,Small incentive,Weak Recovery,Trying to return,23711,4.15,1.98,8.97,98400.65,9840.07,88560.58,1.0,3.74,30,0.0,42,0.19,0.89,8,40,monthly_combo,combo_pack|retention_pack,prepaid,23711,4.15
Seg-4854,Champions — Silent (NBO),growth,increase_arpu,Champions,Zero,Zero,Declining,Early Recovery,NBO,Free trial offer,Weak Signal,Trying to return,22211,4.69,2.3,13.77,104169.59,52084.79,52084.8,1.2,4.01,25,0.0,0,0.44,0.65,41,15,inactive,reactivation_bonus|starter_pack,prepaid,22211,4.69
Seg-4560,Champions — Premium Dual (NBO),growth,increase_arpu,Champions,very_high,very_high,Declining,Early Recovery,NBO,Gentle engagement offer,Partial Recovery,Recovery starting,19080,31.91,15.81,74.69,608842.8,334863.54,273979.26,1.0,34.45,30,24.44,357,0.11,0.9,4,55,premium_combo,ott_bundle|loyalty_pack,prepaid,19080,31.91
Seg-4266,Champions — Premium Dual (NBO),growth,increase_arpu,Champions,high,high,Declining,Early Recovery,NBO,Reactivation offer,Recovery Signal,Recovering slightly,21931,19.77,6.98,36.78,433575.87,238466.73,195109.14,1.3,14.35,23,15.67,235,0.06,0.93,8,33,premium_combo,ott_bundle|loyalty_pack,prepaid,21931,19.77
Seg-3874,Champions — LowD-ZeroV (NBO),growth,increase_arpu,Champions,low,Zero,Declining,Early Recovery,NBO,Free starter pack,Recovery Signal,Starting to return,21844,4.46,1.89,9.17,97424.24,87681.82,9742.42,1.11,4.14,27,2.88,0,0.15,0.9,8,75,monthly_combo,combo_pack|retention_pack,prepaid,21844,4.46
Seg-3678,Champions — LowD-LowV (NBO),growth,increase_arpu,Champions,low,low,Declining,Early Recovery,NBO,Light usage pack,Recovery Signal,Starting to engage,20473,4.14,1.99,8.3,84758.22,46617.02,38141.2,1.3,3.16,23,3.09,45,0.08,0.96,3,33,monthly_combo,combo_pack|retention_pack,prepaid,20473,4.14
Seg-4217,Champions — HighD-MediumV (NBO),growth,increase_arpu,Champions,high,medium,Declining,Early Recovery,NBO,Reactivation bundle,Recovery Signal,Recovering slightly,21892,14.84,7.34,38.92,324877.28,223353.13,101524.15,1.11,13.28,27,16.12,117,0.15,0.83,5,27,monthly_combo,combo_pack|retention_pack,prepaid,21892,14.84
Seg-4511,Champions — Premium Dual (NBO),growth,increase_arpu,Champions,very_high,high,Declining,Early Recovery,NBO,Reactivation bundle,Recovery Signal,Recovering slightly,21859,25.56,13.92,60.42,558716.04,366137.32,192578.72,1.11,23.08,27,20.6,232,0.06,0.96,0,7,premium_combo,ott_bundle|loyalty_pack,prepaid,21859,25.56
Seg-10146,Potential Loyalist — MediumD-HighV (NBO),growth,increase_arpu,Potential Loyalist,medium,high,Declining,Early Recovery,NBO,Combo trial,Recovery Start,Improving,71587,8.09,2.89,17.36,579138.83,234210.56,344928.27,1.0,8.63,30,9.16,243,0.28,0.76,5,79,monthly_combo,combo_pack|retention_pack,prepaid,71587,8.09
Seg-10097,Potential Loyalist — Balanced (NBO),growth,increase_arpu,Potential Loyalist,medium,medium,Declining,Early Recovery,NBO,Trial combo pack,Recovery start,User returning,64003,6.52,2.99,12.85,417299.56,229514.76,187784.8,0.94,7.17,32,8.77,121,0.24,0.8,1,52,monthly_combo,combo_pack|retention_pack,prepaid,64003,6.52
Seg-9901,Potential Loyalist — Voice Heavy (NBO),growth,increase_arpu,Potential Loyalist,low,high,Declining,Early Recovery,NBO,Trial data add-on,Data returning slowly,User exploring data,57061,6.19,2.37,18.54,353207.59,75442.4,277765.19,0.86,7.05,35,3.63,218,0.21,0.82,6,58,voice_heavy,voice_pack|cross_sell_addon,prepaid,57061,6.19
Seg-9852,Potential Loyalist — LowD-MediumV (NBO),growth,increase_arpu,Potential Loyalist,low,medium,Declining,Early Recovery,NBO,Trial combo pack,Data returning,User testing services,64086,4.62,1.65,12.77,296077.32,97219.42,198857.9,0.88,4.74,34,3.58,107,0.29,0.77,4,72,monthly_combo,combo_pack|retention_pack,prepaid,64086,4.62
Seg-5209,Customers needing Attention — Balanced (Voice Rescue),rescue,reduce_churn,Customers needing Attention,medium,medium,Early Recovery,Declining,Voice Rescue,Voice retention combo,Data Trial Voice Drop,"Data recovering, voice declining",19559,4.75,1.94,14.74,92905.25,51097.89,41807.36,0.88,5.89,34,8.61,114,0.37,0.7,6,31,monthly_combo,combo_pack|retention_pack,prepaid,19559,4.75
Seg-11614,Promising Customers — Premium Dual (Voice Rescue),rescue,reduce_churn,Promising Customers,high,high,Early Recovery,Declining,Voice Rescue,Voice saver,Data Trial Voice Weak,"Data recovering, voice declining",24203,8.76,4.2,19.13,212018.28,116610.05,95408.23,0.77,11.43,39,15.05,231,0.21,0.86,0,27,premium_combo,ott_bundle|loyalty_pack,prepaid,24203,8.76
Seg-11516,Promising Customers — Data Heavy (Voice Rescue),rescue,reduce_churn,Promising Customers,high,low,Early Recovery,Declining,Voice Rescue,Voice saver,Data Recovery Voice Weak,"Data recovering, voice slipping",20662,6.57,2.68,13.28,135749.34,114864.83,20884.51,1.03,6.76,29,15.02,41,0.15,0.91,4,70,data_heavy,data_addon|ott_bundle,prepaid,20662,6.57
Seg-11663,Promising Customers — Premium Dual (Voice Rescue),rescue,reduce_churn,Promising Customers,high,very_high,Early Recovery,Declining,Voice Rescue,Voice saver,Data Trial Voice Weak,"Data recovering, voice dropping",27257,11.28,4.16,24.89,307458.96,135281.94,172177.02,0.79,14.21,38,14.03,293,0.2,0.79,2,41,premium_combo,ott_bundle|loyalty_pack,prepaid,27257,11.28
Seg-11383,Promising Customers — MediumD-HighV (Voice Rescue),rescue,reduce_churn,Promising Customers,medium,high,Early Recovery,Declining,Voice Rescue,Voice saver,Data Trial Voice Drop,"Data improving, voice slipping",26903,5.97,2.44,18.49,160610.91,64952.94,95657.97,0.86,7.49,35,7.83,211,0.21,0.87,1,33,monthly_combo,combo_pack|retention_pack,prepaid,26903,5.97
Seg-11432,Promising Customers — MediumD-Very_HighV (Voice Rescue),rescue,reduce_churn,Promising Customers,medium,very_high,Early Recovery,Declining,Voice Rescue,VIP voice saver,Data Trial Voice Drop,"Data improving, voice slipping",23665,8.13,4.31,25.15,192396.45,58463.01,133933.44,0.97,8.58,31,7.03,357,0.2,0.81,5,8,monthly_combo,combo_pack|retention_pack,prepaid,23665,8.13
Seg-11994,Promising Customers — ZeroD-LowV (Data Conversion),monetization,increase_arpu,Promising Customers,Zero,low,Declining,Early Recovery,Data Conversion,Low-cost data add-on,Data Drop Voice Trial,Voice showing slight comeback,21325,1.98,0.95,5.95,42223.5,4222.35,38001.15,1.0,2.13,30,0.0,51,0.42,0.67,18,62,monthly_combo,combo_pack|retention_pack,prepaid,21325,1.98
Seg-12100,Promising Customers — Voice Heavy (Data Monetization),monetization,increase_arpu,Promising Customers,Zero,high,Dormant,Strong Growth,Data Monetization,Premium combo,Voice Breakout High,High voice growth from dormancy,23865,3.52,1.78,6.65,84004.8,8400.48,75604.32,1.03,3.24,29,0.0,237,0.54,0.57,15,20,voice_heavy,voice_pack|cross_sell_addon,prepaid,23865,3.52
Seg-12149,Promising Customers — Voice Heavy (Data Monetization),monetization,increase_arpu,Promising Customers,Zero,very_high,Dormant,Strong Growth,Data Monetization,Unlimited combo,Elite Voice Breakout,Very high voice explosive growth,19465,5.48,2.22,15.3,106668.2,10666.82,96001.38,0.86,6.71,35,0.0,372,0.52,0.55,24,69,voice_heavy,voice_pack|cross_sell_addon,prepaid,19465,5.48
Seg-1154,About to Sleep — Voice Heavy (Premium Monetization),monetization,increase_arpu,About to Sleep,Zero,very_high,Strong Growth,Rapid Expansion,Premium Monetization,Voice infinity max,Explosive VIP Voice Dominance,Extreme growth across voice behavior,10238,4.51,1.65,12.61,46173.38,4617.34,41556.04,0.6,8.21,50,0.0,288,0.78,0.38,64,31,voice_heavy,voice_pack|cross_sell_addon,prepaid,10238,4.51
Seg-3675,Can't Loose them — Silent (Account Protection),protection,reduce_churn,Can't Loose them,Zero,Zero,no_trend,no_trend,Account Protection,Executive intervention + bespoke retention,Completely Silent Critical VIP,No activity but too valuable to lose,1379,3.91,2.08,8.99,5391.89,2695.95,2695.94,0.71,5.28,42,0.0,0,0.9,0.19,83,9,inactive,reactivation_bonus|starter_pack,prepaid,1379,3.91
Seg-3577,Can't Loose them — Voice Heavy (Account Protection),protection,reduce_churn,Can't Loose them,Zero,high,no_trend,no_trend,Account Protection,Bespoke retention + premium habit rebuild,High Voice Critical VIP,"High voice only, no data, no movement",1228,6.64,2.55,20.53,8153.92,815.39,7338.53,0.67,9.13,45,0.0,188,0.67,0.44,19,28,voice_heavy,voice_pack|cross_sell_addon,prepaid,1228,6.64
Seg-3479,Can't Loose them — ZeroD-LowV (Account Protection),protection,reduce_churn,Can't Loose them,Zero,low,no_trend,no_trend,Account Protection,Bespoke retention + habit rebuild,Low Activity Premium Risk,"Low voice, zero data, no movement",1059,4.31,2.21,13.16,4564.29,456.43,4107.86,0.75,6.0,40,0.0,50,0.63,0.49,17,82,monthly_combo,combo_pack|retention_pack,prepaid,1059,4.31
Seg-3528,Can't Loose them — ZeroD-MediumV (Account Protection),protection,reduce_churn,Can't Loose them,Zero,medium,no_trend,no_trend,Account Protection,Bespoke retention + usage rebuild,Medium Voice Critical VIP,"Medium voice only, no growth, no data",1412,3.77,1.57,6.99,5323.24,532.32,4790.92,0.77,5.37,39,0.0,136,0.66,0.39,18,30,monthly_combo,combo_pack|retention_pack,prepaid,1412,3.77
Seg-3626,Can't Loose them — Voice Heavy (Account Protection),protection,reduce_churn,Can't Loose them,Zero,very_high,no_trend,no_trend,Account Protection,Executive retention + premium ecosystem rebuild,Ultimate Voice-Only Critical VIP,"Very-high voice, zero data, no movement",1389,10.23,3.95,31.74,14209.47,1420.95,12788.52,0.73,15.27,41,0.0,368,0.66,0.44,24,39,voice_heavy,voice_pack|cross_sell_addon,prepaid,1389,10.23
Seg-11130,Promising Customers — Voice Heavy (Data Expansion),engagement,increase_data_usage,Promising Customers,low,high,Declining,no_trend,Data Expansion,Data add-on premium,Data Drop Stable Voice,"Data weak, voice stable high",27035,4.25,1.66,9.25,114898.75,24541.48,90357.27,0.79,5.76,38,3.1,246,0.39,0.7,5,78,voice_heavy,voice_pack|cross_sell_addon,prepaid,27035,4.25
Seg-11179,Promising Customers — Voice Heavy (Data Expansion),engagement,increase_data_usage,Promising Customers,low,very_high,Declining,no_trend,Data Expansion,Premium data unlock,Data Drop Stable Elite Voice,"Data declines, voice elite stable",25831,6.68,3.59,19.2,172551.08,25649.48,146901.6,0.83,7.72,36,3.05,331,0.35,0.74,5,72,voice_heavy,voice_pack|cross_sell_addon,prepaid,25831,6.68
Seg-12208,Promising Customers — Silent (Voice Add-on),engagement,increase_data_usage,Promising Customers,Zero,Zero,Early Recovery,no_trend,Voice Add-on,Voice onboarding,Data Recovery Static Voice,"Data improving, voice flat",26737,1.93,0.75,3.55,51602.41,25801.21,25801.2,1.0,2.0,30,0.0,0,0.56,0.54,83,81,inactive,reactivation_bonus|starter_pack,prepaid,26737,1.93
Seg-11648,Promising Customers — Premium Dual (Base Expansion),engagement,increase_data_usage,Promising Customers,high,high,no_trend,no_trend,Base Expansion,Loyalty + premium bundle,Stable High-High Base,Both strong and stable,26659,9.66,3.76,23.68,257525.94,141639.27,115886.67,1.0,10.46,30,13.9,204,0.28,0.75,2,22,premium_combo,ott_bundle|loyalty_pack,prepaid,26659,9.66
Seg-12162,Promising Customers — Voice Heavy (Elite Combo),premium,increase_arpu,Promising Customers,Zero,very_high,Strong Growth,Early Recovery,Elite Combo,VIP dual-service,Data Surge Elite Voice Trial,"Data booming, voice recovering",24820,7.59,3.17,17.49,188383.8,18838.38,169545.42,1.03,8.08,29,0.0,370,0.27,0.78,1,68,voice_heavy,voice_pack|cross_sell_addon,prepaid,24820,7.59
Seg-12113,Promising Customers — Voice Heavy (Premium Combo),premium,increase_arpu,Promising Customers,Zero,high,Strong Growth,Early Recovery,Premium Combo,Dual-service premium,Data Surge Voice Trial,"Data booming, voice recovering",23189,4.35,2.33,12.84,100872.15,10087.22,90784.93,1.0,4.6,30,0.0,201,0.33,0.69,6,39,voice_heavy,voice_pack|cross_sell_addon,prepaid,23189,4.35
Seg-5198,Customers needing Attention — Balanced (User Shift Optimization),optimization,recommend_best_campaign,Customers needing Attention,medium,medium,Declining,Strong Growth,User Shift Optimization,Voice-first balanced bundle,Data Drop Voice Surge,Voice growing while data drops,13921,5.34,2.59,16.15,74338.14,40885.98,33452.16,0.81,6.46,37,7.33,102,0.56,0.53,24,45,monthly_combo,combo_pack|retention_pack,prepaid,13921,5.34
Seg-835,About to Sleep — Premium Dual (Retention + Activation),mixed,reduce_churn,About to Sleep,very_high,high,Declining,Dormant,Retention + Activation,Voice rescue,Voice Drop Premium Elite,Elite customer’s voice slipping into dormancy despite strong base,8921,4.44,1.91,11.71,39609.24,25956.69,13652.55,0.6,7.58,50,25.53,227,0.83,0.29,29,80,premium_combo,ott_bundle|loyalty_pack,prepaid,8921,4.44
Seg-786,About to Sleep — Very_HighD-MediumV (Retention + Activation),mixed,reduce_churn,About to Sleep,very_high,medium,Declining,Dormant,Retention + Activation,Voice retention pack,Voice Fade Premium,Strong data customer with moderate voice slipping silent,10618,4.49,1.75,11.4,47674.82,36894.08,10780.74,0.57,8.53,53,20.03,127,0.87,0.3,50,8,monthly_combo,combo_pack|retention_pack,prepaid,10618,4.49
