offer_id,bundle_type,product_id,product_name,price,product_type,unit_in_mb,validity_in_days,type,units_minutes,units_sms,Data,Data_social,Min,Min_Flex,IDD,Dial,Owner,ui_product_id,ui_msg_id,atl_btl_channel,whitelist,action_family,target_intents,expected_lift_percent,offer_rationale,offer_name,offer_type,campaign_intent,benefit,validity_days,eligible_usage_segment,eligible_rfm_segment,estimated_arpu_lift,estimated_data_lift_gb,estimated_save_rate,cost_per_user,margin_impact,description
USG_1120400,Marhaba World,USG_1120400,Marhaba World 50Minutes to PAKISTAN,1,IDD,0,7,Addon,50,0,0,0,0,0,50,,Omantel,"8,069",782,ATL,yes,cross_sell|premium_bundle,cross_sell|increase_activity,2.9,"IDD bundle, 1.0 OR for 7.0 days",Marhaba World 50Minutes to PAKISTAN,idd,cross_sell,50 minutes,7,low|medium|high|very_high,Loyal Customers|Potential Loyalist|Champions,0.35,0.0,0.0,0.6,positive,"Marhaba World — Marhaba World 50Minutes to PAKISTAN: 50 minutes. IDD bundle, 1.0 OR for 7.0 days."
7856,Data BTL Weekly,7856,10 GB Weekly for only RO 4,4,DATA,"10,240",7,Addon,0,0,10,0,0,0,0,*171*813#,Omantel,"7,856","2,566",BTL,yes,upsell|cross_sell|bundle,increase_arpu|increase_data_usage|increase_activity,7.4,"DATA bundle, 4.0 OR for 7.0 days",10 GB Weekly for only RO 4,data,increase_arpu,10GB data,7,low|medium|high,Loyal Customers|Potential Loyalist|Champions,3.55,3.0,0.0,2.4,positive,"Data BTL Weekly — 10 GB Weekly for only RO 4: 10GB data. DATA bundle, 4.0 OR for 7.0 days."
USG_1120510,Marhaba World,USG_1120510,Marhaba World 14Minutes to YEMEN,1,IDD,0,7,Addon,15,0,0,0,0,0,15,,Omantel,"8,036",770,ATL,yes,cross_sell|premium_bundle,cross_sell|increase_activity,2.9,"IDD bundle, 1.0 OR for 7.0 days",Marhaba World 14Minutes to YEMEN,idd,cross_sell,15 minutes,7,low|medium|high|very_high,Loyal Customers|Potential Loyalist|Champions,0.35,0.0,0.0,0.6,positive,"Marhaba World — Marhaba World 14Minutes to YEMEN: 15 minutes. IDD bundle, 1.0 OR for 7.0 days."
USG_1170810,Hayyak Plus,USG_1170810,Hayyak Plus 6 old,6,COMBO,"3,072",28,Master,100,0,3,1.5,0,100,0,,Omantel,"7,898",707,ATL,yes,upsell|bundle|cross_sell,increase_arpu|upsell,9.6,"COMBO bundle, 6.0 OR for 28.0 days",Hayyak Plus 6 old,combo,increase_arpu,"3GB data, 100 minutes",28,medium|high,Loyal Customers|Potential Loyalist|Champions,6.91,0.9,0.0,3.6,positive,"Hayyak Plus — Hayyak Plus 6 old: 3GB data, 100 minutes. COMBO bundle, 6.0 OR for 28.0 days."
USG_1170530,Hayyak Data,USG_1170530,Hayyak Data only 3 GB 5 RO Monthly,5,DATA,"6,144",28,Master,0,0,6,0,0,0,0,,Omantel,"7,797",726,ATL,yes,upsell|cross_sell|bundle,increase_arpu|increase_data_usage,8.5,"DATA bundle, 5.0 OR for 28.0 days",Hayyak Data only 3 GB 5 RO Monthly,data,increase_arpu,6GB data,28,medium|high|very_high,Loyal Customers|Potential Loyalist|Champions,5.1,1.8,0.0,3.0,positive,"Hayyak Data — Hayyak Data only 3 GB 5 RO Monthly: 6GB data. DATA bundle, 5.0 OR for 28.0 days."
USG_1120380,Marhaba World,USG_1120380,Marhaba World 50Minutes to BANGLADESH,1,IDD,0,7,Addon,50,0,0,0,0,0,50,,Omantel,"8,067",779,ATL,yes,cross_sell|premium_bundle,cross_sell|increase_activity,2.9,"IDD bundle, 1.0 OR for 7.0 days",Marhaba World 50Minutes to BANGLADESH,idd,cross_sell,50 minutes,7,low|medium|high|very_high,Loyal Customers|Potential Loyalist|Champions,0.35,0.0,0.0,0.6,positive,"Marhaba World — Marhaba World 50Minutes to BANGLADESH: 50 minutes. IDD bundle, 1.0 OR for 7.0 days."
8856,Combo BTL Monthly,8856,NBE_Prepaid_RO4_10GB_150MIN_28D,4,COMBO,"10,240",28,,150,0,10,0,150,[NULL],[NULL],*171*808#,Omantel,"8,856","2,685",BTL,yes,bundle|cross_sell|light_nbo,reduce_churn|recommend_best_campaign,7.4,"COMBO bundle, 4.0 OR for 28.0 days",NBE_Prepaid_RO4_10GB_150MIN_28D,combo,reduce_churn,"10GB data, 150 minutes",28,low|medium,Loyal Customers|Potential Loyalist|Champions,3.55,3.0,0.036,2.4,positive,"Combo BTL Monthly — NBE_Prepaid_RO4_10GB_150MIN_28D: 10GB data, 150 minutes. COMBO bundle, 4.0 OR for 28.0 days."
USG_1170860,Hayyak,USG_1170860,Hayyak Long Validity - 12 weeks,15,COMBO,"9,216",84,Master,300,0,9,0,300,0,0,,Omantel,"7,803","1,344",ATL,yes,premium_upsell|bundle|upsell,increase_arpu|upsell,21.5,"COMBO bundle, 15.0 OR for 84.0 days",Hayyak Long Validity - 12 weeks,combo,increase_arpu,"9GB data, 300 minutes",84,high|very_high,Loyal Customers|Potential Loyalist|Champions,38.7,2.7,0.0,9.0,positive,"Hayyak — Hayyak Long Validity - 12 weeks: 9GB data, 300 minutes. COMBO bundle, 15.0 OR for 84.0 days."
USG_1170040,MBB Day night,USG_1170040,MBB Day-night promotion - 5 days,1,DATA,400,30,Addon,0,0,200MB Day+ 200 Night,0,0,0,0,,Omantel,"7,809",739,ATL,yes,light_nbo|gentle_nbo|reactivation,increase_data_usage|reactivate_inactive,4.1,"DATA bundle, 1.0 OR for 30.0 days",MBB Day-night promotion - 5 days,data,increase_data_usage,400MB data,30,low|medium|high,Loyal Customers|Potential Loyalist|Champions,0.49,0.12,0.024,0.6,neutral,"MBB Day night — MBB Day-night promotion - 5 days: 400MB data. DATA bundle, 1.0 OR for 30.0 days."
7848,Combo BTL Monthly,7848,RO5 - 20GB and 150 Local Minutes,5,COMBO,"20,480",28,Addon,150,0,20,0,150,0,0,*171*815#,Omantel,"7,848","2,558",BTL,yes,upsell|bundle|cross_sell,recommend_best_campaign,8.5,"COMBO bundle, 5.0 OR for 28.0 days",RO5 - 20GB and 150 Local Minutes,combo,recommend_best_campaign,"20GB data, 150 minutes",28,medium|high,Loyal Customers|Potential Loyalist|Champions,5.1,6.0,0.0,3.0,positive,"Combo BTL Monthly — RO5 - 20GB and 150 Local Minutes: 20GB data, 150 minutes. COMBO bundle, 5.0 OR for 28.0 days."
USG_1170090,MBB Day night,USG_1170090,MBB Day night promotion - 20 days,10,DATA,"6,144",30,Addon,0,0,3GB Day+ 3GB Night,0,0,0,0,,Omantel,"7,816",738,ATL,yes,premium_upsell|upsell|bundle,increase_arpu|increase_data_usage,14.0,"DATA bundle, 10.0 OR for 30.0 days",MBB Day night promotion - 20 days,data,increase_arpu,6GB data,30,medium|high|very_high,Loyal Customers|Potential Loyalist|Champions,16.8,1.8,0.0,6.0,positive,"MBB Day night — MBB Day night promotion - 20 days: 6GB data. DATA bundle, 10.0 OR for 30.0 days."
8861,Combo BTL Monthly,8861,NBE_Prepaid_RO12_30GB_500MIN_28D,12,COMBO,"30,720",28,,500,0,30,0,500,[NULL],[NULL],*171*803#,Omantel,"8,861","2,680",BTL,yes,premium_upsell|bundle|upsell,increase_arpu|upsell,17.8,"COMBO bundle, 12.0 OR for 28.0 days",NBE_Prepaid_RO12_30GB_500MIN_28D,combo,increase_arpu,"30GB data, 500 minutes",28,high|very_high,Loyal Customers|Potential Loyalist|Champions,25.63,9.0,0.0,7.2,positive,"Combo BTL Monthly — NBE_Prepaid_RO12_30GB_500MIN_28D: 30GB data, 500 minutes. COMBO bundle, 12.0 OR for 28.0 days."
USG_1140750,Data Loan,USG_1140750,Data Loan - 50MB - 1 Day,0.2,DATA,512,1,Addon,0,0,0.5,0,0,0,0,,Omantel,776,ATL,yes,offline,reactivation|light_nbo,increase_data_usage|reduce_churn|recommend_best_campaign|reactivate_inactive|increase_activity,3.2,"DATA bundle, 0.2 OR for 1.0 days",Data Loan - 50MB - 1 Day,data,increase_data_usage,512MB data,1,low|medium|high,Loyal Customers|Potential Loyalist|Champions,0.08,0.15,0.021,0.12,neutral,"Data Loan — Data Loan - 50MB - 1 Day: 512MB data. DATA bundle, 0.2 OR for 1.0 days."
USG_1121390,UAE IDD,USG_1121390,UAE - 100 Minutes - Weekly Pack,1,IDD,0,7,Addon,100,0,0,0,0,0,100,,Omantel,"8,053",793,ATL,yes,cross_sell|premium_bundle,cross_sell|increase_activity,2.9,"IDD bundle, 1.0 OR for 7.0 days",UAE - 100 Minutes - Weekly Pack,idd,cross_sell,100 minutes,7,low|medium|high|very_high,Loyal Customers|Potential Loyalist|Champions,0.35,0.0,0.0,0.6,positive,"UAE IDD — UAE - 100 Minutes - Weekly Pack: 100 minutes. IDD bundle, 1.0 OR for 7.0 days."
USG_1120530,Marhaba World,USG_1120530,Marhaba World 13Minutes to SUDAN,1,IDD,0,7,Addon,13,0,0,0,0,0,13,,Omantel,"8,034",768,ATL,yes,cross_sell|premium_bundle,cross_sell|increase_activity,2.9,"IDD bundle, 1.0 OR for 7.0 days",Marhaba World 13Minutes to SUDAN,idd,cross_sell,13 minutes,7,low|medium|high|very_high,Loyal Customers|Potential Loyalist|Champions,0.35,0.0,0.0,0.6,positive,"Marhaba World — Marhaba World 13Minutes to SUDAN: 13 minutes. IDD bundle, 1.0 OR for 7.0 days."
USG_1170580,IDD,USG_1170580,IDD Bangladesh 100 Min 200 MB 30 Days 2 RO pack,2,IDD,204.8,30,Addon,100,0,0.2,0,0,0,100,,Omantel,"8,071",786,ATL,yes,cross_sell|premium_bundle,cross_sell,3.6,"IDD bundle, 2.0 OR for 30.0 days",IDD Bangladesh 100 Min 200 MB 30 Days 2 RO pack,idd,cross_sell,"204MB data, 100 minutes",30,low|medium|high|very_high,Loyal Customers|Potential Loyalist|Champions,0.86,0.06,0.0,1.2,positive,"IDD — IDD Bangladesh 100 Min 200 MB 30 Days 2 RO pack: 204MB data, 100 minutes. IDD bundle, 2.0 OR for 30.0 days."
USG_1141690,Unlimited Data,USG_1141690,Unlimited Data ? 24 Hours ? 3 OR,3,DATA,"10,000,000.00",1,Addon,0,0,999999,0,0,0,0,,Omantel,"8,059",791,ATL,yes,upsell|cross_sell|bundle,increase_data_usage|increase_activity,6.3,"DATA bundle, 3.0 OR for 1.0 days",Unlimited Data ? 24 Hours ? 3 OR,data,increase_data_usage,9765GB data,1,low|medium|high,Loyal Customers|Potential Loyalist|Champions,2.27,2929.69,0.0,1.8,positive,"Unlimited Data — Unlimited Data ? 24 Hours ? 3 OR: 9765GB data. DATA bundle, 3.0 OR for 1.0 days."
USG_1120390,Marhaba World,USG_1120390,Marhaba World 50Minutes to INDIA,1,IDD,0,7,Addon,50,0,0,0,0,0,50,,Omantel,"8,068",780,ATL,yes,cross_sell|premium_bundle,cross_sell|increase_activity,2.9,"IDD bundle, 1.0 OR for 7.0 days",Marhaba World 50Minutes to INDIA,idd,cross_sell,50 minutes,7,low|medium|high|very_high,Loyal Customers|Potential Loyalist|Champions,0.35,0.0,0.0,0.6,positive,"Marhaba World — Marhaba World 50Minutes to INDIA: 50 minutes. IDD bundle, 1.0 OR for 7.0 days."
USG_1170600,Hayyak Plus,USG_1170600,New Hayyak 15 RO,15,COMBO,"45,056",30,Master,"110,350",0,44,0,110350,0,0,,Omantel,"7,958","1,346",ATL,yes,premium_upsell|bundle|upsell,increase_arpu|upsell,21.5,"COMBO bundle, 15.0 OR for 30.0 days",New Hayyak 15 RO,combo,increase_arpu,"44GB data, 110350 minutes",30,high|very_high,Loyal Customers|Potential Loyalist|Champions,38.7,13.2,0.0,9.0,positive,"Hayyak Plus — New Hayyak 15 RO: 44GB data, 110350 minutes. COMBO bundle, 15.0 OR for 30.0 days."
USG_1150250,Hayyak Extra,USG_1150250,Hayyak Extra - 20% Extra Topup - 20 days,5,NV,0,20,Addon,0,0,0,0,0,0,0,,Omantel,"8,025",759,ATL,yes,retention|reactivation,cross_sell|reduce_churn|recommend_best_campaign,4.0,"NV bundle, 5.0 OR for 20.0 days",Hayyak Extra - 20% Extra Topup - 20 days,nv,cross_sell,Hayyak Extra - 20% Extra Topup - 20 days,20,Zero|low|medium,Loyal Customers|Potential Loyalist|Champions,2.4,0.0,0.065,3.0,neutral,"Hayyak Extra — Hayyak Extra - 20% Extra Topup - 20 days: Hayyak Extra - 20% Extra Topup - 20 days. NV bundle, 5.0 OR for 20.0 days."
7859,Hayyak BTL Weekly,7859,10GB + 50 flexi min for 5 RO,5,COMBO,"10,240",7,Addon,50,0,10,0,50,0,0,*171*823#,Omantel,"7,859","2,569",BTL,yes,upsell|bundle|cross_sell,increase_activity,8.5,"COMBO bundle, 5.0 OR for 7.0 days",10GB + 50 flexi min for 5 RO,combo,increase_activity,"10GB data, 50 minutes",7,medium|high,Loyal Customers|Potential Loyalist|Champions,5.1,3.0,0.0,3.0,positive,"Hayyak BTL Weekly — 10GB + 50 flexi min for 5 RO: 10GB data, 50 minutes. COMBO bundle, 5.0 OR for 7.0 days."
7869,Hayyak BTL,7869,Monthly 24GB and 350 Flexi minutes,12,COMBO,"24,576",28,Addon,350,0,24,0,350,0,0,*171*822#,Omantel,"7,869","2,576",BTL,yes,premium_upsell|bundle|upsell,increase_arpu|upsell,17.8,"COMBO bundle, 12.0 OR for 28.0 days",Monthly 24GB and 350 Flexi minutes,combo,increase_arpu,"24GB data, 350 minutes",28,high|very_high,Loyal Customers|Potential Loyalist|Champions,25.63,7.2,0.0,7.2,positive,"Hayyak BTL — Monthly 24GB and 350 Flexi minutes: 24GB data, 350 minutes. COMBO bundle, 12.0 OR for 28.0 days."
7849,Combo BTL Monthly,7849,RO6 - 13GB and 300 Minutes,6,COMBO,"13,312",28,Addon,300,0,13,0,300,0,0,,Omantel,"7,849","2,559",BTL,yes,upsell|bundle|cross_sell,increase_arpu|upsell,9.6,"COMBO bundle, 6.0 OR for 28.0 days",RO6 - 13GB and 300 Minutes,combo,increase_arpu,"13GB data, 300 minutes",28,medium|high,Loyal Customers|Potential Loyalist|Champions,6.91,3.9,0.0,3.6,positive,"Combo BTL Monthly — RO6 - 13GB and 300 Minutes: 13GB data, 300 minutes. COMBO bundle, 6.0 OR for 28.0 days."
USG_1170500,Hayyak Plus,USG_1170500,Hayyak Plus 10,10,COMBO,"24,576",30,Master,"110,200",0,24,0,110200,0,0,,Omantel,"7,827","1,345",ATL,yes,premium_upsell|bundle|upsell,increase_arpu|upsell,15.4,"COMBO bundle, 10.0 OR for 30.0 days",Hayyak Plus 10,combo,increase_arpu,"24GB data, 110200 minutes",30,medium|high,Loyal Customers|Potential Loyalist|Champions,18.48,7.2,0.0,6.0,positive,"Hayyak Plus — Hayyak Plus 10: 24GB data, 110200 minutes. COMBO bundle, 10.0 OR for 30.0 days."
USG_1121350,Hayyak Voice,USG_1121350,Hayyak Voice Only,7,NV,0,28,Master,"999,999",0,0,0,999999,0,0,,Omantel,"8,045",750,ATL,yes,cross_sell|retention|bundle,cross_sell,10.7,"NV bundle, 7.0 OR for 28.0 days",Hayyak Voice Only,nv,cross_sell,999999 minutes,28,Zero|low|medium,Loyal Customers|Potential Loyalist|Champions,8.99,0.0,0.075,4.2,neutral,"Hayyak Voice — Hayyak Voice Only: 999999 minutes. NV bundle, 7.0 OR for 28.0 days."
USG_1170790,Hayyak Plus,USG_1170790,Hayyak Plus 4,4,COMBO,"2,560",28,Master,50,0,2.5,0,50,0,0,,Omantel,"7,736","1,343",ATL,yes,bundle|cross_sell|light_nbo,reduce_churn|recommend_best_campaign,7.4,"COMBO bundle, 4.0 OR for 28.0 days",Hayyak Plus 4,combo,reduce_churn,"2GB data, 50 minutes",28,low|medium,Loyal Customers|Potential Loyalist|Champions,3.55,0.75,0.036,2.4,positive,"Hayyak Plus — Hayyak Plus 4: 2GB data, 50 minutes. COMBO bundle, 4.0 OR for 28.0 days."
7842,Combo BTL Monthly,7842,RO1 - 1GB and 30 Minutes,1,COMBO,"1,024",28,Addon,30,0,1,0,30,0,0,,Omantel,"7,842","2,553",BTL,yes,bundle|cross_sell|light_nbo,reduce_churn|recommend_best_campaign,4.1,"COMBO bundle, 1.0 OR for 28.0 days",RO1 - 1GB and 30 Minutes,combo,reduce_churn,"1GB data, 30 minutes",28,low|medium,Loyal Customers|Potential Loyalist|Champions,0.49,0.3,0.024,0.6,positive,"Combo BTL Monthly — RO1 - 1GB and 30 Minutes: 1GB data, 30 minutes. COMBO bundle, 1.0 OR for 28.0 days."
8858,Combo BTL Monthly,8858,NBE_Prepaid_RO6_15GB_300MIN_28D,6,COMBO,"15,360",28,,300,0,15,0,300,[NULL],[NULL],*171*806#,Omantel,"8,858","2,683",BTL,yes,upsell|bundle|cross_sell,increase_arpu|upsell,9.6,"COMBO bundle, 6.0 OR for 28.0 days",NBE_Prepaid_RO6_15GB_300MIN_28D,combo,increase_arpu,"15GB data, 300 minutes",28,medium|high,Loyal Customers|Potential Loyalist|Champions,6.91,4.5,0.0,3.6,positive,"Combo BTL Monthly — NBE_Prepaid_RO6_15GB_300MIN_28D: 15GB data, 300 minutes. COMBO bundle, 6.0 OR for 28.0 days."
USG_1121410,UAE IDD,USG_1121410,UAE - 1500 Minutes - Monthly Pack,5,IDD,0,30,Addon,"1,500",0,0,0,0,0,"1,500",,Omantel,"8,056",796,ATL,yes,cross_sell|premium_bundle,cross_sell,5.9,"IDD bundle, 5.0 OR for 30.0 days",UAE - 1500 Minutes - Monthly Pack,idd,cross_sell,1500 minutes,30,low|medium|high|very_high,Loyal Customers|Potential Loyalist|Champions,3.54,0.0,0.0,3.0,positive,"UAE IDD — UAE - 1500 Minutes - Monthly Pack: 1500 minutes. IDD bundle, 5.0 OR for 30.0 days."
USG_1120560,Marhaba World,USG_1120560,Marhaba World 12Minutes to KENYA,1,IDD,0,7,Addon,12,0,0,0,0,0,12,,Omantel,"8,032",766,ATL,yes,cross_sell|premium_bundle,cross_sell|increase_activity,2.9,"IDD bundle, 1.0 OR for 7.0 days",Marhaba World 12Minutes to KENYA,idd,cross_sell,12 minutes,7,low|medium|high|very_high,Loyal Customers|Potential Loyalist|Champions,0.35,0.0,0.0,0.6,positive,"Marhaba World — Marhaba World 12Minutes to KENYA: 12 minutes. IDD bundle, 1.0 OR for 7.0 days."
7866,Hayyak BTL,7866,Monthly 18GB and 250 Flexi minutes,10,COMBO,"18,432",28,Addon,250,0,18,0,250,0,0,*171*829#,Omantel,"7,866","2,574",BTL,yes,premium_upsell|bundle|upsell,increase_arpu|upsell,15.4,"COMBO bundle, 10.0 OR for 28.0 days",Monthly 18GB and 250 Flexi minutes,combo,increase_arpu,"18GB data, 250 minutes",28,medium|high,Loyal Customers|Potential Loyalist|Champions,18.48,5.4,0.0,6.0,positive,"Hayyak BTL — Monthly 18GB and 250 Flexi minutes: 18GB data, 250 minutes. COMBO bundle, 10.0 OR for 28.0 days."
USG_1170550,Jawazak,USG_1170550,Jawazak In-Flight,5,ROAMING,"10,000,000.00",1,Addon,0,0,999999,0,0,0,0,,Omantel,"8,030",764,ATL,yes,cross_sell|premium_bundle,cross_sell|increase_activity,5.9,"ROAMING bundle, 5.0 OR for 1.0 days",Jawazak In-Flight,roaming,cross_sell,9765GB data,1,medium|high|very_high,Loyal Customers|Potential Loyalist|Champions,3.54,2929.69,0.0,3.0,positive,"Jawazak — Jawazak In-Flight: 9765GB data. ROAMING bundle, 5.0 OR for 1.0 days."
USG_1141560,Monthly Data,USG_1141560,Monthly 500 MB Auto Renewal Plan,1,DATA,512,30,Addon,0,0,0.5,0,0,0,0,,Omantel,"7,838",740,ATL,yes,light_nbo|gentle_nbo|reactivation,increase_data_usage|reactivate_inactive,4.1,"DATA bundle, 1.0 OR for 30.0 days",Monthly 500 MB Auto Renewal Plan,data,increase_data_usage,512MB data,30,low|medium|high,Loyal Customers|Potential Loyalist|Champions,0.49,0.15,0.024,0.6,neutral,"Monthly Data — Monthly 500 MB Auto Renewal Plan: 512MB data. DATA bundle, 1.0 OR for 30.0 days."
USG_1150100,Hayyak Talk,USG_1150100,Hayyak Talk 3 OR,3,NV,0,15,Addon,0,0,0,0,0,0,0,,Omantel,"8,028",762,ATL,yes,cross_sell|retention|bundle,cross_sell,6.3,"NV bundle, 3.0 OR for 15.0 days",Hayyak Talk 3 OR,nv,cross_sell,Hayyak Talk 3 OR,15,Zero|low|medium,Loyal Customers|Potential Loyalist|Champions,2.27,0.0,0.055,1.8,neutral,"Hayyak Talk — Hayyak Talk 3 OR: Hayyak Talk 3 OR. NV bundle, 3.0 OR for 15.0 days."
USG_1170720,Hayyak Flex,USG_1170720,Hayyak Flex 5 OR,5,COMBO,"1,536",30,Master,300,0,1.5,0,0,300,0,,Omantel,"7,798",703,ATL,yes,upsell|bundle|cross_sell,recommend_best_campaign,8.5,"COMBO bundle, 5.0 OR for 30.0 days",Hayyak Flex 5 OR,combo,recommend_best_campaign,"1GB data, 300 minutes",30,medium|high,Loyal Customers|Potential Loyalist|Champions,5.1,0.45,0.0,3.0,positive,"Hayyak Flex — Hayyak Flex 5 OR: 1GB data, 300 minutes. COMBO bundle, 5.0 OR for 30.0 days."
USG_1170830,Hayyak Plus,USG_1170830,Hayyak Plus 12,12,COMBO,"18,432",28,Master,350,0,18,0,0,350,0,,Omantel,"7,895",745,ATL,yes,premium_upsell|bundle|upsell,increase_arpu|upsell,17.8,"COMBO bundle, 12.0 OR for 28.0 days",Hayyak Plus 12,combo,increase_arpu,"18GB data, 350 minutes",28,high|very_high,Loyal Customers|Potential Loyalist|Champions,25.63,5.4,0.0,7.2,positive,"Hayyak Plus — Hayyak Plus 12: 18GB data, 350 minutes. COMBO bundle, 12.0 OR for 28.0 days."
7908,Combo BTL Monthly,7908,RO2 - 3GB and 50 Minutes,2,COMBO,"3,072",28,Addon,50,0,3,0,50,0,0,,Omantel,"7,908","2,579",BTL,yes,bundle|cross_sell|light_nbo,reduce_churn|recommend_best_campaign,5.2,"COMBO bundle, 2.0 OR for 28.0 days",RO2 - 3GB and 50 Minutes,combo,reduce_churn,"3GB data, 50 minutes",28,low|medium,Loyal Customers|Potential Loyalist|Champions,1.25,0.9,0.028,1.2,positive,"Combo BTL Monthly — RO2 - 3GB and 50 Minutes: 3GB data, 50 minutes. COMBO bundle, 2.0 OR for 28.0 days."
USG_1170740,Hayyak,USG_1170740,Hayyak 7 OR,7,COMBO,"10,240",30,Master,"210,175",0,10,0,210175,0,0,,Omantel,"7,800","1,342",ATL,yes,upsell|bundle|cross_sell,increase_arpu|upsell,10.7,"COMBO bundle, 7.0 OR for 30.0 days",Hayyak 7 OR,combo,increase_arpu,"10GB data, 210175 minutes",30,medium|high,Loyal Customers|Potential Loyalist|Champions,8.99,3.0,0.0,4.2,positive,"Hayyak — Hayyak 7 OR: 10GB data, 210175 minutes. COMBO bundle, 7.0 OR for 30.0 days."
USG_1140930,Hayyak Data,USG_1140930,Hayyak 250 MB 0.500 Bz Daily,0.5,DATA,256,1,Addon,0,0,0.25,0,0,0,0,,Omantel,"8,023",757,ATL,yes,light_nbo|gentle_nbo|reactivation,increase_data_usage|reactivate_inactive|increase_activity,3.5,"DATA bundle, 0.5 OR for 1.0 days",Hayyak 250 MB 0.500 Bz Daily,data,increase_data_usage,256MB data,1,low|medium|high,Loyal Customers|Potential Loyalist|Champions,0.21,0.08,0.022,0.3,neutral,"Hayyak Data — Hayyak 250 MB 0.500 Bz Daily: 256MB data. DATA bundle, 0.5 OR for 1.0 days."
USG_1140280,Jawazak,USG_1140280,Jawazak World 3Days,12,ROAMING,"1,024",3,Addon,0,0,1,0,0,0,0,,Omantel,"7,883",732,ATL,yes,cross_sell|premium_bundle,cross_sell,11.3,"ROAMING bundle, 12.0 OR for 3.0 days",Jawazak World 3Days,roaming,cross_sell,1GB data,3,medium|high|very_high,Loyal Customers|Potential Loyalist|Champions,16.27,0.3,0.0,7.2,positive,"Jawazak — Jawazak World 3Days: 1GB data. ROAMING bundle, 12.0 OR for 3.0 days."
7863,Hayyak BTL,7863,Monthly 12GB and 150 Flexi minutes,7,COMBO,"12,288",28,Addon,150,0,12,0,150,0,0,*171*816#,Omantel,"7,863","2,572",BTL,yes,upsell|bundle|cross_sell,increase_arpu|upsell,10.7,"COMBO bundle, 7.0 OR for 28.0 days",Monthly 12GB and 150 Flexi minutes,combo,increase_arpu,"12GB data, 150 minutes",28,medium|high,Loyal Customers|Potential Loyalist|Champions,8.99,3.6,0.0,4.2,positive,"Hayyak BTL — Monthly 12GB and 150 Flexi minutes: 12GB data, 150 minutes. COMBO bundle, 7.0 OR for 28.0 days."
USG_1120460,Marhaba World,USG_1120460,Marhaba World 15Minutes to SAUDI ARABIA,1,IDD,0,7,Addon,15,0,0,0,0,0,15,,Omantel,"8,063",775,ATL,yes,cross_sell|premium_bundle,cross_sell|increase_activity,2.9,"IDD bundle, 1.0 OR for 7.0 days",Marhaba World 15Minutes to SAUDI ARABIA,idd,cross_sell,15 minutes,7,low|medium|high|very_high,Loyal Customers|Potential Loyalist|Champions,0.35,0.0,0.0,0.6,positive,"Marhaba World — Marhaba World 15Minutes to SAUDI ARABIA: 15 minutes. IDD bundle, 1.0 OR for 7.0 days."
USG_1170750,Hayyak Data,USG_1170750,Hayyak Data only 150 GB 25 RO bundle,25,DATA,"153,600",28,Master,0,0,150,0,0,0,0,,Omantel,"7,802",723,ATL,yes,premium_upsell|upsell|bundle,increase_arpu|increase_data_usage,25.0,"DATA bundle, 25.0 OR for 28.0 days",Hayyak Data only 150 GB 25 RO bundle,data,increase_arpu,150GB data,28,medium|high|very_high,Loyal Customers|Potential Loyalist|Champions,75.0,45.0,0.0,15.0,positive,"Hayyak Data — Hayyak Data only 150 GB 25 RO bundle: 150GB data. DATA bundle, 25.0 OR for 28.0 days."
7873,Hayyak BTL,7873,Monthly 30GB and 450 Flexi minutes,15,COMBO,"30,720",28,Addon,450,0,30,0,450,0,0,*171*819#,Omantel,"7,873","2,577",BTL,yes,premium_upsell|bundle|upsell,increase_arpu|upsell,21.5,"COMBO bundle, 15.0 OR for 28.0 days",Monthly 30GB and 450 Flexi minutes,combo,increase_arpu,"30GB data, 450 minutes",28,high|very_high,Loyal Customers|Potential Loyalist|Champions,38.7,9.0,0.0,9.0,positive,"Hayyak BTL — Monthly 30GB and 450 Flexi minutes: 30GB data, 450 minutes. COMBO bundle, 15.0 OR for 28.0 days."
8857,Combo BTL Monthly,8857,NBE_Prepaid_RO5_12GB_200MIN_28D,5,COMBO,"12,288",28,,200,0,12,0,200,[NULL],[NULL],*171*807#,Omantel,"8,857","2,684",BTL,yes,upsell|bundle|cross_sell,recommend_best_campaign,8.5,"COMBO bundle, 5.0 OR for 28.0 days",NBE_Prepaid_RO5_12GB_200MIN_28D,combo,recommend_best_campaign,"12GB data, 200 minutes",28,medium|high,Loyal Customers|Potential Loyalist|Champions,5.1,3.6,0.0,3.0,positive,"Combo BTL Monthly — NBE_Prepaid_RO5_12GB_200MIN_28D: 12GB data, 200 minutes. COMBO bundle, 5.0 OR for 28.0 days."
USG_1170870,Tourist,USG_1170870,Tourist-5,5,COMBO,"6,144",10,Master,50,0,6,0,50 L+I,0,0,,Omantel,"7,878",742,ATL,yes,upsell|bundle|cross_sell,cross_sell,8.5,"COMBO bundle, 5.0 OR for 10.0 days",Tourist-5,combo,cross_sell,"6GB data, 50 minutes",10,medium|high,Loyal Customers|Potential Loyalist|Champions,5.1,1.8,0.0,3.0,positive,"Tourist — Tourist-5: 6GB data, 50 minutes. COMBO bundle, 5.0 OR for 10.0 days."
USG_1170800,Hayyak Plus,USG_1170800,Hayyak Plus 5 old,5,COMBO,"8,192",7,Master,50,0,8,0,0,50,0,,Omantel,"7,897",710,ATL,yes,upsell|bundle|cross_sell,increase_activity,8.5,"COMBO bundle, 5.0 OR for 7.0 days",Hayyak Plus 5 old,combo,increase_activity,"8GB data, 50 minutes",7,medium|high,Loyal Customers|Potential Loyalist|Champions,5.1,2.4,0.0,3.0,positive,"Hayyak Plus — Hayyak Plus 5 old: 8GB data, 50 minutes. COMBO bundle, 5.0 OR for 7.0 days."
7851,Combo BTL Monthly,7851,RO12 - 28GB and 500 Minutes,12,COMBO,"28,672",28,Addon,500,0,28,0,500,0,0,,Omantel,"7,851","2,561",BTL,yes,premium_upsell|bundle|upsell,increase_arpu|upsell,17.8,"COMBO bundle, 12.0 OR for 28.0 days",RO12 - 28GB and 500 Minutes,combo,increase_arpu,"28GB data, 500 minutes",28,high|very_high,Loyal Customers|Potential Loyalist|Champions,25.63,8.4,0.0,7.2,positive,"Combo BTL Monthly — RO12 - 28GB and 500 Minutes: 28GB data, 500 minutes. COMBO bundle, 12.0 OR for 28.0 days."
USG_1171010,Hayyak Plus,USG_1171010,Hayyak Plus 10 old,10,COMBO,"12,288",28,Master,250,0,12,0,0,250,0,,Omantel,"7,827",700,ATL,yes,premium_upsell|bundle|upsell,increase_arpu|upsell,15.4,"COMBO bundle, 10.0 OR for 28.0 days",Hayyak Plus 10 old,combo,increase_arpu,"12GB data, 250 minutes",28,medium|high,Loyal Customers|Potential Loyalist|Champions,18.48,3.6,0.0,6.0,positive,"Hayyak Plus — Hayyak Plus 10 old: 12GB data, 250 minutes. COMBO bundle, 10.0 OR for 28.0 days."
7865,Data BTL Weekly,7865,20 GB Weekly for only RO 8,8,DATA,"20,480",7,Addon,0,0,20,0,0,0,0,*171*830#,Omantel,"7,865","2,573",BTL,yes,premium_upsell|upsell|bundle,increase_arpu|increase_data_usage,11.8,"DATA bundle, 8.0 OR for 7.0 days",20 GB Weekly for only RO 8,data,increase_arpu,20GB data,7,medium|high|very_high,Loyal Customers|Potential Loyalist|Champions,11.33,6.0,0.0,4.8,positive,"Data BTL Weekly — 20 GB Weekly for only RO 8: 20GB data. DATA bundle, 8.0 OR for 7.0 days."
USG_1120920,UAE IDD,USG_1120920,UAE Etisalat 1 Day Pack,1,IDD,"10,000,000.00",1,Addon,0,0,999999,0,0,0,0,,Omantel,"8,051",790,ATL,yes,cross_sell|premium_bundle,cross_sell|increase_activity,2.9,"IDD bundle, 1.0 OR for 1.0 days",UAE Etisalat 1 Day Pack,idd,cross_sell,9765GB data,1,low|medium|high|very_high,Loyal Customers|Potential Loyalist|Champions,0.35,2929.69,0.0,0.6,positive,"UAE IDD — UAE Etisalat 1 Day Pack: 9765GB data. IDD bundle, 1.0 OR for 1.0 days."
USG_1170910,Jawazak,USG_1170910,Jawazak World 7Days - 2 GB - 15 OMR,15,ROAMING,"2,048",7,Addon,15,0,2,0,15,0,0,,Omantel,"7,886",733,ATL,yes,cross_sell|premium_bundle,cross_sell,13.6,"ROAMING bundle, 15.0 OR for 7.0 days",Jawazak World 7Days - 2 GB - 15 OMR,roaming,cross_sell,"2GB data, 15 minutes",7,medium|high|very_high,Loyal Customers|Potential Loyalist|Champions,24.48,0.6,0.0,9.0,positive,"Jawazak — Jawazak World 7Days - 2 GB - 15 OMR: 2GB data, 15 minutes. ROAMING bundle, 15.0 OR for 7.0 days."
USG_1140430,Monthly Data,USG_1140430,Monthly 2GB Auto Renewal Plan,5,DATA,"2,048",30,Addon,0,0,2,0,0,0,0,,Omantel,"8,047",752,ATL,yes,upsell|cross_sell|bundle,increase_arpu|increase_data_usage,8.5,"DATA bundle, 5.0 OR for 30.0 days",Monthly 2GB Auto Renewal Plan,data,increase_arpu,2GB data,30,medium|high|very_high,Loyal Customers|Potential Loyalist|Champions,5.1,0.6,0.0,3.0,positive,"Monthly Data — Monthly 2GB Auto Renewal Plan: 2GB data. DATA bundle, 5.0 OR for 30.0 days."
USG_1171030,Hayyak Plus,USG_1171030,Hayyak Plus 20,20,COMBO,"34,816",28,Master,650,0,34,0,0,650,0,,Omantel,"7,829",702,ATL,yes,premium_upsell|bundle|upsell,increase_arpu|upsell,25.0,"COMBO bundle, 20.0 OR for 28.0 days",Hayyak Plus 20,combo,increase_arpu,"34GB data, 650 minutes",28,high|very_high,Loyal Customers|Potential Loyalist|Champions,60.0,10.2,0.0,12.0,positive,"Hayyak Plus — Hayyak Plus 20: 34GB data, 650 minutes. COMBO bundle, 20.0 OR for 28.0 days."
USG_1171020,Hayyak Plus,USG_1171020,Hayyak Plus 15,15,COMBO,"22,528",28,Master,450,0,22,0,0,450,0,,Omantel,"7,828",701,ATL,yes,premium_upsell|bundle|upsell,increase_arpu|upsell,21.5,"COMBO bundle, 15.0 OR for 28.0 days",Hayyak Plus 15,combo,increase_arpu,"22GB data, 450 minutes",28,high|very_high,Loyal Customers|Potential Loyalist|Champions,38.7,6.6,0.0,9.0,positive,"Hayyak Plus — Hayyak Plus 15: 22GB data, 450 minutes. COMBO bundle, 15.0 OR for 28.0 days."
USG_1110190,Hayyak Voice,USG_1110190,Hayyak Plus Unlimited National Voice 2 RO Weekly,2,NV,0,7,Addon,"999,999",0,0,0,999999,0,0,,Omantel,[NULL],[NULL],,yes,cross_sell|retention|bundle,cross_sell|reactivate_inactive|increase_activity,5.2,"NV bundle, 2.0 OR for 7.0 days",Hayyak Plus Unlimited National Voice 2 RO Weekly,nv,cross_sell,999999 minutes,7,Zero|low|medium,Loyal Customers|Potential Loyalist|Champions,1.25,0.0,0.05,1.2,neutral,"Hayyak Voice — Hayyak Plus Unlimited National Voice 2 RO Weekly: 999999 minutes. NV bundle, 2.0 OR for 7.0 days."
USG_1170470,Hayyak Plus,USG_1170470,Hayyak Plus 3 RO Weekly,3,COMBO,"2,048",7,Master,50,0,2,0,50,0,0,,Omantel,"8,048",753,ATL,yes,bundle|cross_sell|light_nbo,reduce_churn|recommend_best_campaign|increase_activity,6.3,"COMBO bundle, 3.0 OR for 7.0 days",Hayyak Plus 3 RO Weekly,combo,reduce_churn,"2GB data, 50 minutes",7,low|medium,Loyal Customers|Potential Loyalist|Champions,2.27,0.6,0.032,1.8,positive,"Hayyak Plus — Hayyak Plus 3 RO Weekly: 2GB data, 50 minutes. COMBO bundle, 3.0 OR for 7.0 days."
USG_1170560,IDD,USG_1170560,IDD India 200 Min 200 MB 30 Days 2 RO pack,2,IDD,204.8,30,Addon,200,0,0.2,0,0,0,200,,Omantel,"8,072",787,ATL,yes,cross_sell|premium_bundle,cross_sell,3.6,"IDD bundle, 2.0 OR for 30.0 days",IDD India 200 Min 200 MB 30 Days 2 RO pack,idd,cross_sell,"204MB data, 200 minutes",30,low|medium|high|very_high,Loyal Customers|Potential Loyalist|Champions,0.86,0.06,0.0,1.2,positive,"IDD — IDD India 200 Min 200 MB 30 Days 2 RO pack: 204MB data, 200 minutes. IDD bundle, 2.0 OR for 30.0 days."
USG_1140830,MBB Data,USG_1140830,MBB 100 MB Daily - 200 Bz,0.2,DATA,102.4,1,Addon,0,0,0.1,0,0,0,0,,Omantel,"7,831",712,ATL,yes,light_nbo|gentle_nbo|reactivation,increase_data_usage|reactivate_inactive|increase_activity,3.2,"DATA bundle, 0.2 OR for 1.0 days",MBB 100 MB Daily - 200 Bz,data,increase_data_usage,102MB data,1,low|medium|high,Loyal Customers|Potential Loyalist|Champions,0.08,0.03,0.021,0.12,neutral,"MBB Data — MBB 100 MB Daily - 200 Bz: 102MB data. DATA bundle, 0.2 OR for 1.0 days."
USG_1170920,Jawazak,USG_1170920,Jawazak World 30Days - 4 GB - 24 OMR,24,ROAMING,"4,096",30,Addon,30,0,4,0,30,0,0,,Omantel,"7,889",731,ATL,yes,cross_sell|premium_bundle,cross_sell,20.6,"ROAMING bundle, 24.0 OR for 30.0 days",Jawazak World 30Days - 4 GB - 24 OMR,roaming,cross_sell,"4GB data, 30 minutes",30,medium|high|very_high,Loyal Customers|Potential Loyalist|Champions,59.33,1.2,0.0,14.4,positive,"Jawazak — Jawazak World 30Days - 4 GB - 24 OMR: 4GB data, 30 minutes. ROAMING bundle, 24.0 OR for 30.0 days."
7862,Data BTL Weekly,7862,18 GB Weekly for only RO 7,7,DATA,"18,432",7,Addon,0,0,18,0,0,0,0,*171*812#,Omantel,"7,862","2,571",BTL,yes,premium_upsell|upsell|bundle,increase_arpu|increase_data_usage,10.7,"DATA bundle, 7.0 OR for 7.0 days",18 GB Weekly for only RO 7,data,increase_arpu,18GB data,7,medium|high|very_high,Loyal Customers|Potential Loyalist|Champions,8.99,5.4,0.0,4.2,positive,"Data BTL Weekly — 18 GB Weekly for only RO 7: 18GB data. DATA bundle, 7.0 OR for 7.0 days."
USG_1140080,MBB Data,USG_1140080,MBB 50MB Daily,0.2,DATA,51.2,1,Addon,0,0,0.05,0,0,0,0,,Omantel,"8,046",751,ATL,yes,light_nbo|gentle_nbo|reactivation,increase_data_usage|reactivate_inactive|increase_activity,3.2,"DATA bundle, 0.2 OR for 1.0 days",MBB 50MB Daily,data,increase_data_usage,51MB data,1,low|medium|high,Loyal Customers|Potential Loyalist|Champions,0.08,0.02,0.021,0.12,neutral,"MBB Data — MBB 50MB Daily: 51MB data. DATA bundle, 0.2 OR for 1.0 days."
USG_1170390,Jawazak,USG_1170390,Jawazak GCC 7 days - 10 OR,10,ROAMING,"4,096",7,Addon,30,0,4,0,30,0,0,,Omantel,"7,808",730,ATL,yes,cross_sell|premium_bundle,cross_sell,9.8,"ROAMING bundle, 10.0 OR for 7.0 days",Jawazak GCC 7 days - 10 OR,roaming,cross_sell,"4GB data, 30 minutes",7,medium|high|very_high,Loyal Customers|Potential Loyalist|Champions,11.76,1.2,0.0,6.0,positive,"Jawazak — Jawazak GCC 7 days - 10 OR: 4GB data, 30 minutes. ROAMING bundle, 10.0 OR for 7.0 days."
USG_1121450,National Voice,USG_1121450,Monthly 50 National Minutes plan- 28 days,1,NV,0,28,Addon,50,0,0,0,50,0,0,,Omantel,"7,822",720,ATL,yes,cross_sell|retention|bundle,cross_sell|reactivate_inactive,4.1,"NV bundle, 1.0 OR for 28.0 days",Monthly 50 National Minutes plan- 28 days,nv,cross_sell,50 minutes,28,Zero|low|medium,Loyal Customers|Potential Loyalist|Champions,0.49,0.0,0.045,0.6,neutral,"National Voice — Monthly 50 National Minutes plan- 28 days: 50 minutes. NV bundle, 1.0 OR for 28.0 days."
USG_1121400,UAE IDD,USG_1121400,UAE - Unlimited - Weekly Pack,3.05,IDD,0,7,Addon,"999,999",0,0,0,0,0,"99,999",,Omantel,"8,054",794,ATL,yes,cross_sell|premium_bundle,cross_sell|increase_activity,4.4,"IDD bundle, 3.05 OR for 7.0 days",UAE - Unlimited - Weekly Pack,idd,cross_sell,999999 minutes,7,low|medium|high|very_high,Loyal Customers|Potential Loyalist|Champions,1.61,0.0,0.0,1.83,positive,"UAE IDD — UAE - Unlimited - Weekly Pack: 999999 minutes. IDD bundle, 3.05 OR for 7.0 days."
USG_1170820,Hayyak Plus,USG_1170820,Hayyak Plus 9,9,COMBO,"8,192",28,Master,250,0,8,2,0,250,0,,Omantel,"7,899",708,ATL,yes,upsell|bundle|cross_sell,increase_arpu|upsell,14.2,"COMBO bundle, 9.0 OR for 28.0 days",Hayyak Plus 9,combo,increase_arpu,"8GB data, 250 minutes",28,medium|high,Loyal Customers|Potential Loyalist|Champions,15.34,2.4,0.0,5.4,positive,"Hayyak Plus — Hayyak Plus 9: 8GB data, 250 minutes. COMBO bundle, 9.0 OR for 28.0 days."
USG_1170590,Hayyak Plus,USG_1170590,New Hayyak Monthly 3 RO,3,COMBO,"4,608",30,Master,"100,015",0,4.5,0,100015,0,0,,Omantel,"7,957","1,347",ATL,yes,bundle|cross_sell|light_nbo,reduce_churn|recommend_best_campaign,6.3,"COMBO bundle, 3.0 OR for 30.0 days",New Hayyak Monthly 3 RO,combo,reduce_churn,"4GB data, 100015 minutes",30,low|medium,Loyal Customers|Potential Loyalist|Champions,2.27,1.35,0.032,1.8,positive,"Hayyak Plus — New Hayyak Monthly 3 RO: 4GB data, 100015 minutes. COMBO bundle, 3.0 OR for 30.0 days."
8862,Combo BTL Monthly,8862,NBE_Prepaid_RO16_40GB_1500MIN_28D,16,COMBO,"40,960",28,,"1,500",0,40,0,1500,[NULL],[NULL],*171*802#,Omantel,"8,862","2,679",BTL,yes,premium_upsell|bundle|upsell,increase_arpu|upsell,22.7,"COMBO bundle, 16.0 OR for 28.0 days",NBE_Prepaid_RO16_40GB_1500MIN_28D,combo,increase_arpu,"40GB data, 1500 minutes",28,high|very_high,Loyal Customers|Potential Loyalist|Champions,43.58,12.0,0.0,9.6,positive,"Combo BTL Monthly — NBE_Prepaid_RO16_40GB_1500MIN_28D: 40GB data, 1500 minutes. COMBO bundle, 16.0 OR for 28.0 days."
USG_1141670,Unlimited Data,USG_1141670,Unlimited Data ? 3 Hours ? 1 OR,1,DATA,"10,000,000.00",0.125,Addon,0,0,999999,0,0,0,0,,Omantel,"8,052",792,ATL,yes,light_nbo|gentle_nbo|reactivation,increase_data_usage|reactivate_inactive|increase_activity,4.1,"DATA bundle, 1.0 OR for 0.125 days",Unlimited Data ? 3 Hours ? 1 OR,data,increase_data_usage,9765GB data,0,low|medium|high,Loyal Customers|Potential Loyalist|Champions,0.49,2929.69,0.024,0.6,neutral,"Unlimited Data — Unlimited Data ? 3 Hours ? 1 OR: 9765GB data. DATA bundle, 1.0 OR for 0.125 days."
USG_1120470,Marhaba World,USG_1120470,Marhaba World 15Minutes to QATAR,1,IDD,0,7,Addon,15,0,0,0,0,0,15,,Omantel,"8,062",774,ATL,yes,cross_sell|premium_bundle,cross_sell|increase_activity,2.9,"IDD bundle, 1.0 OR for 7.0 days",Marhaba World 15Minutes to QATAR,idd,cross_sell,15 minutes,7,low|medium|high|very_high,Loyal Customers|Potential Loyalist|Champions,0.35,0.0,0.0,0.6,positive,"Marhaba World — Marhaba World 15Minutes to QATAR: 15 minutes. IDD bundle, 1.0 OR for 7.0 days."
7847,Combo BTL Monthly,7847,RO4 - 8GB and 200 Minutes,4,COMBO,"8,192",28,Addon,200,0,8,0,200,0,0,,Omantel,"7,847","2,557",BTL,yes,bundle|cross_sell|light_nbo,reduce_churn|recommend_best_campaign,7.4,"COMBO bundle, 4.0 OR for 28.0 days",RO4 - 8GB and 200 Minutes,combo,reduce_churn,"8GB data, 200 minutes",28,low|medium,Loyal Customers|Potential Loyalist|Champions,3.55,2.4,0.036,2.4,positive,"Combo BTL Monthly — RO4 - 8GB and 200 Minutes: 8GB data, 200 minutes. COMBO bundle, 4.0 OR for 28.0 days."
8854,Combo BTL Monthly,8854,NBE_Prepaid_RO2_3GB_50MIN_28D,2,COMBO,"3,072",28,,50,0,3,0,50,[NULL],[NULL],*171*810#,Omantel,"8,854","2,687",BTL,yes,bundle|cross_sell|light_nbo,reduce_churn|recommend_best_campaign,5.2,"COMBO bundle, 2.0 OR for 28.0 days",NBE_Prepaid_RO2_3GB_50MIN_28D,combo,reduce_churn,"3GB data, 50 minutes",28,low|medium,Loyal Customers|Potential Loyalist|Champions,1.25,0.9,0.028,1.2,positive,"Combo BTL Monthly — NBE_Prepaid_RO2_3GB_50MIN_28D: 3GB data, 50 minutes. COMBO bundle, 2.0 OR for 28.0 days."
7852,Combo BTL Monthly,7852,RO16 - 40GB and 1500 Minutes,16,COMBO,"40,960",28,Addon,"1,500",0,40,0,1500,0,0,,Omantel,"7,852","2,562",BTL,yes,premium_upsell|bundle|upsell,increase_arpu|upsell,22.7,"COMBO bundle, 16.0 OR for 28.0 days",RO16 - 40GB and 1500 Minutes,combo,increase_arpu,"40GB data, 1500 minutes",28,high|very_high,Loyal Customers|Potential Loyalist|Champions,43.58,12.0,0.0,9.6,positive,"Combo BTL Monthly — RO16 - 40GB and 1500 Minutes: 40GB data, 1500 minutes. COMBO bundle, 16.0 OR for 28.0 days."
USG_1170780,Hayyak Plus,USG_1170780,Hayyak Plus 2,2,COMBO,"1,536",7,Master,35,0,1.5,0,0,35,0,,Omantel,"7,739",709,ATL,yes,bundle|cross_sell|light_nbo,reduce_churn|recommend_best_campaign|increase_activity,5.2,"COMBO bundle, 2.0 OR for 7.0 days",Hayyak Plus 2,combo,reduce_churn,"1GB data, 35 minutes",7,low|medium,Loyal Customers|Potential Loyalist|Champions,1.25,0.45,0.028,1.2,positive,"Hayyak Plus — Hayyak Plus 2: 1GB data, 35 minutes. COMBO bundle, 2.0 OR for 7.0 days."
USG_1121080,Hayyak Voice,USG_1121080,Hayyak Voice Add-ons - 300 Min India,2,IDD,0,30,Addon,300,0,0,0,0,0,300,,Omantel,"7,810",698,ATL,yes,cross_sell|premium_bundle,cross_sell,3.6,"IDD bundle, 2.0 OR for 30.0 days",Hayyak Voice Add-ons - 300 Min India,idd,cross_sell,300 minutes,30,low|medium|high|very_high,Loyal Customers|Potential Loyalist|Champions,0.86,0.0,0.0,1.2,positive,"Hayyak Voice — Hayyak Voice Add-ons - 300 Min India: 300 minutes. IDD bundle, 2.0 OR for 30.0 days."
USG_1170730,Hayyak,USG_1170730,Hayyak 5 OR,5,COMBO,"6,144",30,Master,"100,050",0,6,0,100050,0,0,,Omantel,"7,799","1,341",ATL,yes,upsell|bundle|cross_sell,recommend_best_campaign,8.5,"COMBO bundle, 5.0 OR for 30.0 days",Hayyak 5 OR,combo,recommend_best_campaign,"6GB data, 100050 minutes",30,medium|high,Loyal Customers|Potential Loyalist|Champions,5.1,1.8,0.0,3.0,positive,"Hayyak — Hayyak 5 OR: 6GB data, 100050 minutes. COMBO bundle, 5.0 OR for 30.0 days."
USG_1170080,MBB Day night,USG_1170080,MBB Day night promotion - 15 days,5,DATA,"3,072",30,Addon,0,0,1.5GB Day + 1.5GB Night,0,0,0,0,,Omantel,"7,887",737,ATL,yes,upsell|cross_sell|bundle,increase_arpu|increase_data_usage,8.5,"DATA bundle, 5.0 OR for 30.0 days",MBB Day night promotion - 15 days,data,increase_arpu,3GB data,30,medium|high|very_high,Loyal Customers|Potential Loyalist|Champions,5.1,0.9,0.0,3.0,positive,"MBB Day night — MBB Day night promotion - 15 days: 3GB data. DATA bundle, 5.0 OR for 30.0 days."
USG_1120550,Marhaba World,USG_1120550,Marhaba World 6Minutes to  MOROCCO,1,IDD,0,7,Addon,6,0,0,0,0,0,6,,Omantel,"8,070",784,ATL,yes,cross_sell|premium_bundle,cross_sell|increase_activity,2.9,"IDD bundle, 1.0 OR for 7.0 days",Marhaba World 6Minutes to  MOROCCO,idd,cross_sell,6 minutes,7,low|medium|high|very_high,Loyal Customers|Potential Loyalist|Champions,0.35,0.0,0.0,0.6,positive,"Marhaba World — Marhaba World 6Minutes to  MOROCCO: 6 minutes. IDD bundle, 1.0 OR for 7.0 days."
7868,Data BTL Weekly,7868,25 GB Weekly for only RO 10,10,DATA,"25,600",7,Addon,0,0,25,0,0,0,0,*171*814#,Omantel,"7,868","2,575",BTL,yes,premium_upsell|upsell|bundle,increase_arpu|increase_data_usage,14.0,"DATA bundle, 10.0 OR for 7.0 days",25 GB Weekly for only RO 10,data,increase_arpu,25GB data,7,medium|high|very_high,Loyal Customers|Potential Loyalist|Champions,16.8,7.5,0.0,6.0,positive,"Data BTL Weekly — 25 GB Weekly for only RO 10: 25GB data. DATA bundle, 10.0 OR for 7.0 days."
8859,Combo BTL Monthly,8859,NBE_Prepaid_RO7_17GB_350MIN_28D,7,COMBO,"17,408",28,,350,0,17,0,350,[NULL],[NULL],*171*805#,Omantel,"8,859","2,682",BTL,yes,upsell|bundle|cross_sell,increase_arpu|upsell,10.7,"COMBO bundle, 7.0 OR for 28.0 days",NBE_Prepaid_RO7_17GB_350MIN_28D,combo,increase_arpu,"17GB data, 350 minutes",28,medium|high,Loyal Customers|Potential Loyalist|Champions,8.99,5.1,0.0,4.2,positive,"Combo BTL Monthly — NBE_Prepaid_RO7_17GB_350MIN_28D: 17GB data, 350 minutes. COMBO bundle, 7.0 OR for 28.0 days."
USG_1120520,Marhaba World,USG_1120520,Marhaba World 8Minutes to  TANZANIA,1,IDD,0,7,Addon,8,0,0,0,0,0,8,,Omantel,"8,074",785,ATL,yes,cross_sell|premium_bundle,cross_sell|increase_activity,2.9,"IDD bundle, 1.0 OR for 7.0 days",Marhaba World 8Minutes to  TANZANIA,idd,cross_sell,8 minutes,7,low|medium|high|very_high,Loyal Customers|Potential Loyalist|Champions,0.35,0.0,0.0,0.6,positive,"Marhaba World — Marhaba World 8Minutes to  TANZANIA: 8 minutes. IDD bundle, 1.0 OR for 7.0 days."
USG_1120540,Marhaba World,USG_1120540,Marhaba World 13Minutes to IRAN,1,IDD,0,7,Addon,13,0,0,0,0,0,13,,Omantel,"8,033",767,ATL,yes,cross_sell|premium_bundle,cross_sell|increase_activity,2.9,"IDD bundle, 1.0 OR for 7.0 days",Marhaba World 13Minutes to IRAN,idd,cross_sell,13 minutes,7,low|medium|high|very_high,Loyal Customers|Potential Loyalist|Champions,0.35,0.0,0.0,0.6,positive,"Marhaba World — Marhaba World 13Minutes to IRAN: 13 minutes. IDD bundle, 1.0 OR for 7.0 days."
USG_1110010,Hayyak Liberty,USG_1110010,Hayyak Liberty Weekly,0.5,NV,0,7,Addon,0,0,0,0,0,0,0,,Omantel,"8,027",761,ATL,yes,cross_sell|retention|bundle,cross_sell|reactivate_inactive|increase_activity,3.5,"NV bundle, 0.5 OR for 7.0 days",Hayyak Liberty Weekly,nv,cross_sell,Hayyak Liberty Weekly,7,Zero|low|medium,Loyal Customers|Potential Loyalist|Champions,0.21,0.0,0.043,0.3,neutral,"Hayyak Liberty — Hayyak Liberty Weekly: Hayyak Liberty Weekly. NV bundle, 0.5 OR for 7.0 days."
USG_1140010,MBB Data,USG_1140010,MBB 1GB Daily,1,DATA,"1,024",1,Addon,0,0,1,0,0,0,0,,Omantel,"8,043",694,ATL,yes,light_nbo|gentle_nbo|reactivation,increase_data_usage|reactivate_inactive|increase_activity,4.1,"DATA bundle, 1.0 OR for 1.0 days",MBB 1GB Daily,data,increase_data_usage,1GB data,1,low|medium|high,Loyal Customers|Potential Loyalist|Champions,0.49,0.3,0.024,0.6,neutral,"MBB Data — MBB 1GB Daily: 1GB data. DATA bundle, 1.0 OR for 1.0 days."
7853,Combo BTL Monthly,7853,RO24 - 80GB and 2000 Minutes,24,COMBO,"81,920",28,Addon,"2,000",0,80,0,2000,0,0,,Omantel,"7,853","2,563",BTL,yes,premium_upsell|bundle|upsell,increase_arpu|upsell,25.0,"COMBO bundle, 24.0 OR for 28.0 days",RO24 - 80GB and 2000 Minutes,combo,increase_arpu,"80GB data, 2000 minutes",28,high|very_high,Loyal Customers|Potential Loyalist|Champions,72.0,24.0,0.0,14.4,positive,"Combo BTL Monthly — RO24 - 80GB and 2000 Minutes: 80GB data, 2000 minutes. COMBO bundle, 24.0 OR for 28.0 days."
USG_1171490,Hayyak Plus,USG_1171490,Hayyak Plus 13,13,COMBO,"18,432",28,Master,350,0,18,6,350,0,0,*666*13#,Omantel,"8,886","2,598",ATL,yes,premium_upsell|bundle|upsell,increase_arpu|upsell,19.0,"COMBO bundle, 13.0 OR for 28.0 days",Hayyak Plus 13,combo,increase_arpu,"18GB data, 350 minutes",28,high|very_high,Loyal Customers|Potential Loyalist|Champions,29.64,5.4,0.0,7.8,positive,"Hayyak Plus — Hayyak Plus 13: 18GB data, 350 minutes. COMBO bundle, 13.0 OR for 28.0 days."
7846,Data BTL Monthly,7846,RO3 - 15GB Data,3,DATA,"15,360",28,Addon,0,0,15,0,0,0,0,*171*821#,Omantel,"7,846","2,556",BTL,yes,upsell|cross_sell|bundle,increase_data_usage,6.3,"DATA bundle, 3.0 OR for 28.0 days",RO3 - 15GB Data,data,increase_data_usage,15GB data,28,low|medium|high,Loyal Customers|Potential Loyalist|Champions,2.27,4.5,0.0,1.8,positive,"Data BTL Monthly — RO3 - 15GB Data: 15GB data. DATA bundle, 3.0 OR for 28.0 days."
USG_1170840,Hayyak Plus,USG_1170840,Hayyak Plus 18,18,COMBO,"30,720",28,Master,600,0,30,0,0,600,0,,Omantel,"7,896",706,ATL,yes,premium_upsell|bundle|upsell,increase_arpu|upsell,25.0,"COMBO bundle, 18.0 OR for 28.0 days",Hayyak Plus 18,combo,increase_arpu,"30GB data, 600 minutes",28,high|very_high,Loyal Customers|Potential Loyalist|Champions,54.0,9.0,0.0,10.8,positive,"Hayyak Plus — Hayyak Plus 18: 30GB data, 600 minutes. COMBO bundle, 18.0 OR for 28.0 days."
USG_1121470,National Voice,USG_1121470,Monthly 300 National Minutes plan- 28 days,3,NV,0,28,Addon,300,0,0,0,300,0,0,,Omantel,"7,824",719,ATL,yes,cross_sell|retention|bundle,cross_sell,6.3,"NV bundle, 3.0 OR for 28.0 days",Monthly 300 National Minutes plan- 28 days,nv,cross_sell,300 minutes,28,Zero|low|medium,Loyal Customers|Potential Loyalist|Champions,2.27,0.0,0.055,1.8,neutral,"National Voice — Monthly 300 National Minutes plan- 28 days: 300 minutes. NV bundle, 3.0 OR for 28.0 days."
USG_1120480,Marhaba World,USG_1120480,Marhaba World 15Minutes to KUWAIT,1,IDD,0,7,Addon,15,0,0,0,0,0,15,,Omantel,"8,060",772,ATL,yes,cross_sell|premium_bundle,cross_sell|increase_activity,2.9,"IDD bundle, 1.0 OR for 7.0 days",Marhaba World 15Minutes to KUWAIT,idd,cross_sell,15 minutes,7,low|medium|high|very_high,Loyal Customers|Potential Loyalist|Champions,0.35,0.0,0.0,0.6,positive,"Marhaba World — Marhaba World 15Minutes to KUWAIT: 15 minutes. IDD bundle, 1.0 OR for 7.0 days."
7861,Data BTL Weekly,7861,15 GB Weekly for only RO 6,6,DATA,"15,360",7,Addon,0,0,15,0,0,0,0,*171*820#,Omantel,"7,861","2,570",BTL,yes,premium_upsell|upsell|bundle,increase_arpu|increase_data_usage,9.6,"DATA bundle, 6.0 OR for 7.0 days",15 GB Weekly for only RO 6,data,increase_arpu,15GB data,7,medium|high|very_high,Loyal Customers|Potential Loyalist|Champions,6.91,4.5,0.0,3.6,positive,"Data BTL Weekly — 15 GB Weekly for only RO 6: 15GB data. DATA bundle, 6.0 OR for 7.0 days."
USG_1120440,Marhaba World,USG_1120440,Marhaba World 11Minutes to ETHIOPIA,1,IDD,0,7,Addon,11,0,0,0,0,0,11,,Omantel,"8,031",765,ATL,yes,cross_sell|premium_bundle,cross_sell|increase_activity,2.9,"IDD bundle, 1.0 OR for 7.0 days",Marhaba World 11Minutes to ETHIOPIA,idd,cross_sell,11 minutes,7,low|medium|high|very_high,Loyal Customers|Potential Loyalist|Champions,0.35,0.0,0.0,0.6,positive,"Marhaba World — Marhaba World 11Minutes to ETHIOPIA: 11 minutes. IDD bundle, 1.0 OR for 7.0 days."
USG_1141680,Night Data,USG_1141680,10GB Night Data ? 7 Days ? 2 OR,2,DATA,"10,240",7,Addon,0,0,10,0,0,0,0,,Omantel,"7,825",716,ATL,yes,upsell|cross_sell|bundle,increase_data_usage|reactivate_inactive|increase_activity,5.2,"DATA bundle, 2.0 OR for 7.0 days",10GB Night Data ? 7 Days ? 2 OR,data,increase_data_usage,10GB data,7,low|medium|high,Loyal Customers|Potential Loyalist|Champions,1.25,3.0,0.0,1.2,positive,"Night Data — 10GB Night Data ? 7 Days ? 2 OR: 10GB data. DATA bundle, 2.0 OR for 7.0 days."
USG_1171460,Hayyak Plus,USG_1171460,Hayyak Plus 6,6,COMBO,"10,240",7,Master,50,0,10,[NULL],50,0,0,*666*6#,Omantel,"8,883","2,595",ATL,yes,upsell|bundle|cross_sell,increase_arpu|upsell,9.6,"COMBO bundle, 6.0 OR for 7.0 days",Hayyak Plus 6,combo,increase_arpu,"10GB data, 50 minutes",7,medium|high,Loyal Customers|Potential Loyalist|Champions,6.91,3.0,0.0,3.6,positive,"Hayyak Plus — Hayyak Plus 6: 10GB data, 50 minutes. COMBO bundle, 6.0 OR for 7.0 days."
USG_1171480,Hayyak Plus,USG_1171480,Hayyak Plus 11,11,COMBO,"12,288",28,Master,250,0,12,4,250,0,0,*666*11#,Omantel,"8,885","2,597",ATL,yes,premium_upsell|bundle|upsell,increase_arpu|upsell,16.6,"COMBO bundle, 11.0 OR for 28.0 days",Hayyak Plus 11,combo,increase_arpu,"12GB data, 250 minutes",28,high|very_high,Loyal Customers|Potential Loyalist|Champions,21.91,3.6,0.0,6.6,positive,"Hayyak Plus — Hayyak Plus 11: 12GB data, 250 minutes. COMBO bundle, 11.0 OR for 28.0 days."
USG_1171500,Hayyak Plus,USG_1171500,Hayyak Plus 16,16,COMBO,"23,552",28,Master,450,0,23,10,450,0,0,*666*16#,Omantel,"8,887","2,599",ATL,yes,premium_upsell|bundle|upsell,increase_arpu|upsell,22.7,"COMBO bundle, 16.0 OR for 28.0 days",Hayyak Plus 16,combo,increase_arpu,"23GB data, 450 minutes",28,high|very_high,Loyal Customers|Potential Loyalist|Champions,43.58,6.9,0.0,9.6,positive,"Hayyak Plus — Hayyak Plus 16: 23GB data, 450 minutes. COMBO bundle, 16.0 OR for 28.0 days."
USG_1141650,Jawazak,USG_1141650,Jawazak UAE  -Unlimited Daily,2,ROAMING,"10,000,000.00",1,Addon,0,0,999999,0,0,0,0,,Omantel,"8,055",795,ATL,yes,cross_sell|premium_bundle,cross_sell|increase_activity,3.6,"ROAMING bundle, 2.0 OR for 1.0 days",Jawazak UAE  -Unlimited Daily,roaming,cross_sell,9765GB data,1,medium|high|very_high,Loyal Customers|Potential Loyalist|Champions,0.86,2929.69,0.0,1.2,positive,"Jawazak — Jawazak UAE  -Unlimited Daily: 9765GB data. ROAMING bundle, 2.0 OR for 1.0 days."
USG_1120430,Marhaba World,USG_1120430,Marhaba World 15Minutes to PHILIPPINES,1,IDD,0,7,Addon,15,0,0,0,0,0,15,,Omantel,"8,061",773,ATL,yes,cross_sell|premium_bundle,cross_sell|increase_activity,2.9,"IDD bundle, 1.0 OR for 7.0 days",Marhaba World 15Minutes to PHILIPPINES,idd,cross_sell,15 minutes,7,low|medium|high|very_high,Loyal Customers|Potential Loyalist|Champions,0.35,0.0,0.0,0.6,positive,"Marhaba World — Marhaba World 15Minutes to PHILIPPINES: 15 minutes. IDD bundle, 1.0 OR for 7.0 days."
USG_1141660,Jawazak UAE,USG_1141660,Jawazak UAE - Unlimited Weekly,5.001,ROAMING,"10,000,000.00",7,Addon,0,0,999999,0,0,0,0,,Omantel,"8,057",797,ATL,yes,cross_sell|premium_bundle,cross_sell,6.0,"ROAMING bundle, 5.001 OR for 7.0 days",Jawazak UAE - Unlimited Weekly,roaming,cross_sell,9765GB data,7,medium|high|very_high,Loyal Customers|Potential Loyalist|Champions,3.6,2929.69,0.0,3.0,positive,"Jawazak UAE — Jawazak UAE - Unlimited Weekly: 9765GB data. ROAMING bundle, 5.001 OR for 7.0 days."
USG_1140510,MBB Data,USG_1140510,MBB 50MB Monthly Auto Renewal Plan,0.5,DATA,51.2,30,Addon,0,0,0.05,0,0,0,0,,Omantel,"7,807",735,ATL,yes,light_nbo|gentle_nbo|reactivation,increase_data_usage|reactivate_inactive,3.5,"DATA bundle, 0.5 OR for 30.0 days",MBB 50MB Monthly Auto Renewal Plan,data,increase_data_usage,51MB data,30,low|medium|high,Loyal Customers|Potential Loyalist|Champions,0.21,0.02,0.022,0.3,neutral,"MBB Data — MBB 50MB Monthly Auto Renewal Plan: 51MB data. DATA bundle, 0.5 OR for 30.0 days."
USG_1121460,National Voice,USG_1121460,Monthly 150 National Minutes plan- 28 days,2,NV,0,28,Addon,150,0,0,0,150,0,0,,Omantel,"7,823",717,ATL,yes,cross_sell|retention|bundle,cross_sell|reactivate_inactive,5.2,"NV bundle, 2.0 OR for 28.0 days",Monthly 150 National Minutes plan- 28 days,nv,cross_sell,150 minutes,28,Zero|low|medium,Loyal Customers|Potential Loyalist|Champions,1.25,0.0,0.05,1.2,neutral,"National Voice — Monthly 150 National Minutes plan- 28 days: 150 minutes. NV bundle, 2.0 OR for 28.0 days."
USG_1130010,SMS Pack,USG_1130010,100 SMS Pack,0.75,SMS,0,30,Addon,0,100,0,0,0,0,0,,Omantel,"7,894",715,ATL,yes,light_nbo|cross_sell,recommend_best_campaign,3.8,"SMS bundle, 0.75 OR for 30.0 days",100 SMS Pack,sms,recommend_best_campaign,100 SMS,30,low|medium|high,Loyal Customers|Potential Loyalist|Champions,0.34,0.0,0.023,0.45,positive,"SMS Pack — 100 SMS Pack: 100 SMS. SMS bundle, 0.75 OR for 30.0 days."
7858,Data BTL Weekly,7858,12 GB Weekly for only RO 5,5,DATA,"12,288",7,Addon,0,0,12,0,0,0,0,*171*826#,Omantel,"7,858","2,568",BTL,yes,upsell|cross_sell|bundle,increase_arpu|increase_data_usage|increase_activity,8.5,"DATA bundle, 5.0 OR for 7.0 days",12 GB Weekly for only RO 5,data,increase_arpu,12GB data,7,medium|high|very_high,Loyal Customers|Potential Loyalist|Champions,5.1,3.6,0.0,3.0,positive,"Data BTL Weekly — 12 GB Weekly for only RO 5: 12GB data. DATA bundle, 5.0 OR for 7.0 days."
USG_1120940,UAE IDD,USG_1120940,UAE Etisalat 30 Days Pack,5,IDD,0,30,Addon,500,0,0,0,0,0,500,,Omantel,"7,891",744,ATL,yes,cross_sell|premium_bundle,cross_sell,5.9,"IDD bundle, 5.0 OR for 30.0 days",UAE Etisalat 30 Days Pack,idd,cross_sell,500 minutes,30,low|medium|high|very_high,Loyal Customers|Potential Loyalist|Champions,3.54,0.0,0.0,3.0,positive,"UAE IDD — UAE Etisalat 30 Days Pack: 500 minutes. IDD bundle, 5.0 OR for 30.0 days."
USG_1140950,Hayyak,USG_1140950,Hayyak 2 GB 2 RO 2 Days,2,DATA,"2,048",2,Addon,0,0,2,0,0,0,0,,Omantel,"8,044",696,ATL,yes,upsell|cross_sell|bundle,increase_data_usage|reactivate_inactive|increase_activity,5.2,"DATA bundle, 2.0 OR for 2.0 days",Hayyak 2 GB 2 RO 2 Days,data,increase_data_usage,2GB data,2,low|medium|high,Loyal Customers|Potential Loyalist|Champions,1.25,0.6,0.0,1.2,positive,"Hayyak — Hayyak 2 GB 2 RO 2 Days: 2GB data. DATA bundle, 2.0 OR for 2.0 days."
7843,Data BTL Monthly,7843,RO1 - 10GB Data,1,DATA,"10,240",28,Addon,0,0,10,0,0,0,0,*171*811#,Omantel,"7,843","2,554",BTL,yes,light_nbo|gentle_nbo|reactivation,increase_data_usage|reactivate_inactive,4.1,"DATA bundle, 1.0 OR for 28.0 days",RO1 - 10GB Data,data,increase_data_usage,10GB data,28,low|medium|high,Loyal Customers|Potential Loyalist|Champions,0.49,3.0,0.024,0.6,neutral,"Data BTL Monthly — RO1 - 10GB Data: 10GB data. DATA bundle, 1.0 OR for 28.0 days."
8863,Combo BTL Monthly,8863,NBE_Prepaid_RO24_80GB_2000MIN_28D,24,COMBO,"81,920",28,,"2,000",0,80,0,2000,[NULL],[NULL],*171*801#,Omantel,"8,863","2,678",BTL,yes,premium_upsell|bundle|upsell,increase_arpu|upsell,25.0,"COMBO bundle, 24.0 OR for 28.0 days",NBE_Prepaid_RO24_80GB_2000MIN_28D,combo,increase_arpu,"80GB data, 2000 minutes",28,high|very_high,Loyal Customers|Potential Loyalist|Champions,72.0,24.0,0.0,14.4,positive,"Combo BTL Monthly — NBE_Prepaid_RO24_80GB_2000MIN_28D: 80GB data, 2000 minutes. COMBO bundle, 24.0 OR for 28.0 days."
USG_1121090,Hayyak Voice,USG_1121090,Hayyak Voice Add-ons - 100 Min Pakistan,2,IDD,0,30,Addon,100,0,0,0,0,0,100,,Omantel,"7,814",695,ATL,yes,cross_sell|premium_bundle,cross_sell,3.6,"IDD bundle, 2.0 OR for 30.0 days",Hayyak Voice Add-ons - 100 Min Pakistan,idd,cross_sell,100 minutes,30,low|medium|high|very_high,Loyal Customers|Potential Loyalist|Champions,0.86,0.0,0.0,1.2,positive,"Hayyak Voice — Hayyak Voice Add-ons - 100 Min Pakistan: 100 minutes. IDD bundle, 2.0 OR for 30.0 days."
USG_1171000,Hayyak Plus,USG_1171000,Hayyak Plus 7,7,COMBO,"7,168",28,Master,150,0,7,0,0,150,0,,Omantel,"7,826",711,ATL,yes,upsell|bundle|cross_sell,increase_arpu|upsell,10.7,"COMBO bundle, 7.0 OR for 28.0 days",Hayyak Plus 7,combo,increase_arpu,"7GB data, 150 minutes",28,medium|high,Loyal Customers|Potential Loyalist|Champions,8.99,2.1,0.0,4.2,positive,"Hayyak Plus — Hayyak Plus 7: 7GB data, 150 minutes. COMBO bundle, 7.0 OR for 28.0 days."
USG_1140840,MBB Data,USG_1140840,MBB 2 GB Weekly - 3 RO,3,DATA,"2,048",7,Addon,0,0,2,0,0,0,0,,Omantel,"7,832",713,ATL,yes,upsell|cross_sell|bundle,increase_data_usage|increase_activity,6.3,"DATA bundle, 3.0 OR for 7.0 days",MBB 2 GB Weekly - 3 RO,data,increase_data_usage,2GB data,7,low|medium|high,Loyal Customers|Potential Loyalist|Champions,2.27,0.6,0.0,1.8,positive,"MBB Data — MBB 2 GB Weekly - 3 RO: 2GB data. DATA bundle, 3.0 OR for 7.0 days."
USG_1120500,Marhaba World,USG_1120500,Marhaba World 17Minutes to EGYPT,1,IDD,0,7,Addon,17,0,0,0,0,0,17,,Omantel,"8,065",777,ATL,yes,cross_sell|premium_bundle,cross_sell|increase_activity,2.9,"IDD bundle, 1.0 OR for 7.0 days",Marhaba World 17Minutes to EGYPT,idd,cross_sell,17 minutes,7,low|medium|high|very_high,Loyal Customers|Potential Loyalist|Champions,0.35,0.0,0.0,0.6,positive,"Marhaba World — Marhaba World 17Minutes to EGYPT: 17 minutes. IDD bundle, 1.0 OR for 7.0 days."
USG_1140420,MBB Data,USG_1140420,Weekly 1GB Auto Renewal Plan,3,DATA,"1,024",7,Addon,0,0,1,0,0,0,0,,Omantel,"8,050",789,ATL,yes,upsell|cross_sell|bundle,increase_data_usage|increase_activity,6.3,"DATA bundle, 3.0 OR for 7.0 days",Weekly 1GB Auto Renewal Plan,data,increase_data_usage,1GB data,7,low|medium|high,Loyal Customers|Potential Loyalist|Champions,2.27,0.3,0.0,1.8,positive,"MBB Data — Weekly 1GB Auto Renewal Plan: 1GB data. DATA bundle, 3.0 OR for 7.0 days."
7854,Data BTL Weekly,7854,5GB Weekly for only RO 2,2,DATA,"5,120",7,Addon,0,0,5,0,0,0,0,*171*825#,Omantel,"7,854","2,564",BTL,yes,upsell|cross_sell|bundle,increase_data_usage|reactivate_inactive|increase_activity,5.2,"DATA bundle, 2.0 OR for 7.0 days",5GB Weekly for only RO 2,data,increase_data_usage,5GB data,7,low|medium|high,Loyal Customers|Potential Loyalist|Champions,1.25,1.5,0.0,1.2,positive,"Data BTL Weekly — 5GB Weekly for only RO 2: 5GB data. DATA bundle, 2.0 OR for 7.0 days."
USG_1170890,Tourist,USG_1170890,Tourist-Unlimited,20,COMBO,"10,000,000.00",14,Master,100,0,999999,0,100 L+I,0,0,,Omantel,"7,880",743,ATL,yes,premium_upsell|bundle|upsell,increase_arpu|upsell|cross_sell,25.0,"COMBO bundle, 20.0 OR for 14.0 days",Tourist-Unlimited,combo,increase_arpu,"9765GB data, 100 minutes",14,high|very_high,Loyal Customers|Potential Loyalist|Champions,60.0,2929.69,0.0,12.0,positive,"Tourist — Tourist-Unlimited: 9765GB data, 100 minutes. COMBO bundle, 20.0 OR for 14.0 days."
USG_1120010,IDD Voucher,USG_1120010,IDD Voucher - Standard,0.951,NV,0,7,Addon,35,0,0,0,0,35,0,,Omantel,"8,029",763,ATL,yes,reactivation|light_nbo,cross_sell|reactivate_inactive|increase_activity,4.0,"NV bundle, 0.951 OR for 7.0 days",IDD Voucher - Standard,nv,cross_sell,35 minutes,7,Zero|low|medium,Loyal Customers|Potential Loyalist|Champions,0.46,0.0,0.024,0.57,neutral,"IDD Voucher — IDD Voucher - Standard: 35 minutes. NV bundle, 0.951 OR for 7.0 days."
USG_1141600,MBB Data,USG_1141600,MBB 2GB Daily,1.5,DATA,"2,048",1,Addon,0,0,2,0,0,0,0,,Omantel,"7,833",734,ATL,yes,upsell|cross_sell|bundle,increase_data_usage|reactivate_inactive|increase_activity,4.7,"DATA bundle, 1.5 OR for 1.0 days",MBB 2GB Daily,data,increase_data_usage,2GB data,1,low|medium|high,Loyal Customers|Potential Loyalist|Champions,0.85,0.6,0.0,0.9,positive,"MBB Data — MBB 2GB Daily: 2GB data. DATA bundle, 1.5 OR for 1.0 days."
USG_1120410,Marhaba World,USG_1120410,Marhaba World 30Minutes to INDONESIA,1,IDD,0,7,Addon,30,0,0,0,0,0,30,,Omantel,"8,066",778,ATL,yes,cross_sell|premium_bundle,cross_sell|increase_activity,2.9,"IDD bundle, 1.0 OR for 7.0 days",Marhaba World 30Minutes to INDONESIA,idd,cross_sell,30 minutes,7,low|medium|high|very_high,Loyal Customers|Potential Loyalist|Champions,0.35,0.0,0.0,0.6,positive,"Marhaba World — Marhaba World 30Minutes to INDONESIA: 30 minutes. IDD bundle, 1.0 OR for 7.0 days."
USG_1121440,National Voice,USG_1121440,Weekly 50 National Minutes plan ? 7 days,0.5,NV,0,7,Addon,50,0,0,0,50,0,0,,Omantel,"7,820",721,ATL,yes,cross_sell|retention|bundle,cross_sell|reactivate_inactive|increase_activity,3.5,"NV bundle, 0.5 OR for 7.0 days",Weekly 50 National Minutes plan ? 7 days,nv,cross_sell,50 minutes,7,Zero|low|medium,Loyal Customers|Potential Loyalist|Champions,0.21,0.0,0.043,0.3,neutral,"National Voice — Weekly 50 National Minutes plan ? 7 days: 50 minutes. NV bundle, 0.5 OR for 7.0 days."
USG_1170070,MBB Day night,USG_1170070,MBB Day night promotion - 10 days,3,DATA,"1,500",30,Addon,0,0,750 MB Day + 750 Night,0,0,0,0,,Omantel,"7,885",736,ATL,yes,upsell|cross_sell|bundle,increase_data_usage,6.3,"DATA bundle, 3.0 OR for 30.0 days",MBB Day night promotion - 10 days,data,increase_data_usage,1GB data,30,low|medium|high,Loyal Customers|Potential Loyalist|Champions,2.27,0.44,0.0,1.8,positive,"MBB Day night — MBB Day night promotion - 10 days: 1GB data. DATA bundle, 3.0 OR for 30.0 days."
USG_1120490,Marhaba World,USG_1120490,Marhaba World 15Minutes to BAHRAIN,1,IDD,0,7,Addon,15,0,0,0,0,0,15,,Omantel,"8,058",771,ATL,yes,cross_sell|premium_bundle,cross_sell|increase_activity,2.9,"IDD bundle, 1.0 OR for 7.0 days",Marhaba World 15Minutes to BAHRAIN,idd,cross_sell,15 minutes,7,low|medium|high|very_high,Loyal Customers|Potential Loyalist|Champions,0.35,0.0,0.0,0.6,positive,"Marhaba World — Marhaba World 15Minutes to BAHRAIN: 15 minutes. IDD bundle, 1.0 OR for 7.0 days."
7839,Data BTL Monthly,7839,RO1 - 5GB Data,1,DATA,"5,120",28,Addon,0,0,5,0,0,0,0,*171*828#,Omantel,"7,839","2,551",BTL,yes,light_nbo|gentle_nbo|reactivation,increase_data_usage|reactivate_inactive,4.1,"DATA bundle, 1.0 OR for 28.0 days",RO1 - 5GB Data,data,increase_data_usage,5GB data,28,low|medium|high,Loyal Customers|Potential Loyalist|Champions,0.49,1.5,0.024,0.6,neutral,"Data BTL Monthly — RO1 - 5GB Data: 5GB data. DATA bundle, 1.0 OR for 28.0 days."
7910,Data BTL Daily,7910,Daily 2GB for RO 1.5 only,1.5,DATA,"2,048",1,Addon,0,0,2,0,0,0,0,*171*818#,Omantel,"7,910","2,580",BTL,yes,upsell|cross_sell|bundle,increase_data_usage|reactivate_inactive|increase_activity,4.7,"DATA bundle, 1.5 OR for 1.0 days",Daily 2GB for RO 1.5 only,data,increase_data_usage,2GB data,1,low|medium|high,Loyal Customers|Potential Loyalist|Champions,0.85,0.6,0.0,0.9,positive,"Data BTL Daily — Daily 2GB for RO 1.5 only: 2GB data. DATA bundle, 1.5 OR for 1.0 days."
USG_1171510,Hayyak Plus,USG_1171510,Hayyak Plus 21,21,COMBO,"40,960",28,Master,650,0,40,20,650,0,0,*666*21#,Omantel,"8,888","2,600",ATL,yes,premium_upsell|bundle|upsell,increase_arpu|upsell,25.0,"COMBO bundle, 21.0 OR for 28.0 days",Hayyak Plus 21,combo,increase_arpu,"40GB data, 650 minutes",28,high|very_high,Loyal Customers|Potential Loyalist|Champions,63.0,12.0,0.0,12.6,positive,"Hayyak Plus — Hayyak Plus 21: 40GB data, 650 minutes. COMBO bundle, 21.0 OR for 28.0 days."
USG_1130020,SMS Pack,USG_1130020,250 SMS Pack,1.75,SMS,0,30,Addon,0,250,0,0,0,0,0,,Omantel,"7,806",718,ATL,yes,light_nbo|cross_sell,recommend_best_campaign,4.9,"SMS bundle, 1.75 OR for 30.0 days",250 SMS Pack,sms,recommend_best_campaign,250 SMS,30,low|medium|high,Loyal Customers|Potential Loyalist|Champions,1.03,0.0,0.027,1.05,positive,"SMS Pack — 250 SMS Pack: 250 SMS. SMS bundle, 1.75 OR for 30.0 days."
USG_1120420,Marhaba World,USG_1120420,Marhaba World 14Minutes to SRI LANKA,1,IDD,0,7,Addon,14,0,0,0,0,0,14,,Omantel,"8,035",769,ATL,yes,cross_sell|premium_bundle,cross_sell|increase_activity,2.9,"IDD bundle, 1.0 OR for 7.0 days",Marhaba World 14Minutes to SRI LANKA,idd,cross_sell,14 minutes,7,low|medium|high|very_high,Loyal Customers|Potential Loyalist|Champions,0.35,0.0,0.0,0.6,positive,"Marhaba World — Marhaba World 14Minutes to SRI LANKA: 14 minutes. IDD bundle, 1.0 OR for 7.0 days."
USG_1121070,Hayyak Voice,USG_1121070,Hayyak Voice Add-ons - 300 Min Bangladesh,2,IDD,0,30,Addon,300,0,0,0,0,0,300,,Omantel,"7,892",697,ATL,yes,cross_sell|premium_bundle,cross_sell,3.6,"IDD bundle, 2.0 OR for 30.0 days",Hayyak Voice Add-ons - 300 Min Bangladesh,idd,cross_sell,300 minutes,30,low|medium|high|very_high,Loyal Customers|Potential Loyalist|Champions,0.86,0.0,0.0,1.2,positive,"Hayyak Voice — Hayyak Voice Add-ons - 300 Min Bangladesh: 300 minutes. IDD bundle, 2.0 OR for 30.0 days."
USG_1171440,Hayyak Plus,USG_1171440,Hayyak Plus 3,3,COMBO,"1,536",7,Master,35,0,1.5,[NULL],35,0,0,*666*3#,Omantel,"8,881","2,593",ATL,yes,bundle|cross_sell|light_nbo,reduce_churn|recommend_best_campaign|increase_activity,6.3,"COMBO bundle, 3.0 OR for 7.0 days",Hayyak Plus 3,combo,reduce_churn,"1GB data, 35 minutes",7,low|medium,Loyal Customers|Potential Loyalist|Champions,2.27,0.45,0.032,1.8,positive,"Hayyak Plus — Hayyak Plus 3: 1GB data, 35 minutes. COMBO bundle, 3.0 OR for 7.0 days."
USG_1140760,Data Loan,USG_1140760,Data Loan - 1GB - 1 Day,1,DATA,"1,024",1,Addon,0,0,1,0,0,0,0,,Omantel,"8,020",754,ATL,yes,reactivation|light_nbo,increase_data_usage|reduce_churn|recommend_best_campaign|reactivate_inactive|increase_activity,4.0,"DATA bundle, 1.0 OR for 1.0 days",Data Loan - 1GB - 1 Day,data,increase_data_usage,1GB data,1,low|medium|high,Loyal Customers|Potential Loyalist|Champions,0.48,0.3,0.024,0.6,neutral,"Data Loan — Data Loan - 1GB - 1 Day: 1GB data. DATA bundle, 1.0 OR for 1.0 days."
7857,Hayyak BTL,7857,Monthly 5.5GB and 50 Flexi minutes,4,COMBO,"5,632",28,Addon,50,0,5.5,0,50,0,0,*171*817#,Omantel,"7,857","2,567",BTL,yes,bundle|cross_sell|light_nbo,reduce_churn|recommend_best_campaign,7.4,"COMBO bundle, 4.0 OR for 28.0 days",Monthly 5.5GB and 50 Flexi minutes,combo,reduce_churn,"5GB data, 50 minutes",28,low|medium,Loyal Customers|Potential Loyalist|Champions,3.55,1.65,0.036,2.4,positive,"Hayyak BTL — Monthly 5.5GB and 50 Flexi minutes: 5GB data, 50 minutes. COMBO bundle, 4.0 OR for 28.0 days."
USG_1170380,Jawazak,USG_1170380,Jawazak GCC 3 days - 7 OR,6,ROAMING,"2,048",3,Addon,15,0,2,0,15,0,0,,Omantel,"7,884",729,ATL,yes,cross_sell|premium_bundle,cross_sell,6.7,"ROAMING bundle, 6.0 OR for 3.0 days",Jawazak GCC 3 days - 7 OR,roaming,cross_sell,"2GB data, 15 minutes",3,medium|high|very_high,Loyal Customers|Potential Loyalist|Champions,4.82,0.6,0.0,3.6,positive,"Jawazak — Jawazak GCC 3 days - 7 OR: 2GB data, 15 minutes. ROAMING bundle, 6.0 OR for 3.0 days."
7841,Combo BTL Monthly,7841,RO1 - 1.5GB and 15 Minutes,1,COMBO,"1,536",28,Addon,15,0,1.5,0,15,0,0,,Omantel,"7,841","2,552",BTL,yes,bundle|cross_sell|light_nbo,reduce_churn|recommend_best_campaign,4.1,"COMBO bundle, 1.0 OR for 28.0 days",RO1 - 1.5GB and 15 Minutes,combo,reduce_churn,"1GB data, 15 minutes",28,low|medium,Loyal Customers|Potential Loyalist|Champions,0.49,0.45,0.024,0.6,positive,"Combo BTL Monthly — RO1 - 1.5GB and 15 Minutes: 1GB data, 15 minutes. COMBO bundle, 1.0 OR for 28.0 days."
USG_1150240,Hayyak Extra,USG_1150240,Hayyak Extra - 15% Extra Topup - 15 days,3,NV,0,15,Addon,0,0,0,0,0,0,0,,Omantel,"8,024",758,ATL,yes,retention|reactivation,cross_sell|reduce_churn|recommend_best_campaign,4.0,"NV bundle, 3.0 OR for 15.0 days",Hayyak Extra - 15% Extra Topup - 15 days,nv,cross_sell,Hayyak Extra - 15% Extra Topup - 15 days,15,Zero|low|medium,Loyal Customers|Potential Loyalist|Champions,1.44,0.0,0.055,1.8,neutral,"Hayyak Extra — Hayyak Extra - 15% Extra Topup - 15 days: Hayyak Extra - 15% Extra Topup - 15 days. NV bundle, 3.0 OR for 15.0 days."
USG_1141450,Jawazak,USG_1141450,Jawazak GCC 1GB - 1Day - 4 OMR,4,ROAMING,"1,024",1,Addon,0,0,1,0,0,0,0,,Omantel,"7,881",728,ATL,yes,cross_sell|premium_bundle,cross_sell|increase_activity,5.2,"ROAMING bundle, 4.0 OR for 1.0 days",Jawazak GCC 1GB - 1Day - 4 OMR,roaming,cross_sell,1GB data,1,medium|high|very_high,Loyal Customers|Potential Loyalist|Champions,2.5,0.3,0.0,2.4,positive,"Jawazak — Jawazak GCC 1GB - 1Day - 4 OMR: 1GB data. ROAMING bundle, 4.0 OR for 1.0 days."
8860,Combo BTL Monthly,8860,NBE_Prepaid_RO8_20GB_400MIN_28D,8,COMBO,"20,480",28,,400,0,20,0,400,[NULL],[NULL],*171*804#,Omantel,"8,860","2,681",BTL,yes,upsell|bundle|cross_sell,increase_arpu|upsell,13.0,"COMBO bundle, 8.0 OR for 28.0 days",NBE_Prepaid_RO8_20GB_400MIN_28D,combo,increase_arpu,"20GB data, 400 minutes",28,medium|high,Loyal Customers|Potential Loyalist|Champions,12.48,6.0,0.0,4.8,positive,"Combo BTL Monthly — NBE_Prepaid_RO8_20GB_400MIN_28D: 20GB data, 400 minutes. COMBO bundle, 8.0 OR for 28.0 days."
USG_1170880,Tourist,USG_1170880,Tourist-10,10,COMBO,"15,360",14,Master,75,0,15,0,75 L+I,0,0,,Omantel,"7,879",741,ATL,yes,premium_upsell|bundle|upsell,increase_arpu|upsell|cross_sell,15.4,"COMBO bundle, 10.0 OR for 14.0 days",Tourist-10,combo,increase_arpu,"15GB data, 75 minutes",14,medium|high,Loyal Customers|Potential Loyalist|Champions,18.48,4.5,0.0,6.0,positive,"Tourist — Tourist-10: 15GB data, 75 minutes. COMBO bundle, 10.0 OR for 14.0 days."
7875,Hayyak BTL,7875,Monthly 50GB and 650 flexi minutes,20,COMBO,"51,200",28,Addon,650,0,50,0,650,0,0,*171*827#,Omantel,"7,875","2,578",BTL,yes,premium_upsell|bundle|upsell,increase_arpu|upsell,25.0,"COMBO bundle, 20.0 OR for 28.0 days",Monthly 50GB and 650 flexi minutes,combo,increase_arpu,"50GB data, 650 minutes",28,high|very_high,Loyal Customers|Potential Loyalist|Champions,60.0,15.0,0.0,12.0,positive,"Hayyak BTL — Monthly 50GB and 650 flexi minutes: 50GB data, 650 minutes. COMBO bundle, 20.0 OR for 28.0 days."
USG_1140520,MBB Data,USG_1140520,MBB 300MB Monthly Auto Renewal Plan,2,DATA,307.2,30,Addon,0,0,0.3,0,0,0,0,,Omantel,"7,815",714,ATL,yes,upsell|cross_sell|bundle,increase_data_usage|reactivate_inactive,5.2,"DATA bundle, 2.0 OR for 30.0 days",MBB 300MB Monthly Auto Renewal Plan,data,increase_data_usage,307MB data,30,low|medium|high,Loyal Customers|Potential Loyalist|Champions,1.25,0.09,0.0,1.2,positive,"MBB Data — MBB 300MB Monthly Auto Renewal Plan: 307MB data. DATA bundle, 2.0 OR for 30.0 days."
USG_1170540,Hayyak Data,USG_1170540,Hayyak Data only 7 GB 10 RO Monthly,10,DATA,"14,336",28,Master,0,0,14,0,0,0,0,,Omantel,"7,801",727,ATL,yes,premium_upsell|upsell|bundle,increase_arpu|increase_data_usage,14.0,"DATA bundle, 10.0 OR for 28.0 days",Hayyak Data only 7 GB 10 RO Monthly,data,increase_arpu,14GB data,28,medium|high|very_high,Loyal Customers|Potential Loyalist|Champions,16.8,4.2,0.0,6.0,positive,"Hayyak Data — Hayyak Data only 7 GB 10 RO Monthly: 14GB data. DATA bundle, 10.0 OR for 28.0 days."
7855,Data BTL Weekly,7855,7 GB Weekly for only RO 3,3,DATA,"7,168",7,Addon,0,0,7,0,0,0,0,*171*824#,Omantel,"7,855","2,565",BTL,yes,upsell|cross_sell|bundle,increase_data_usage|increase_activity,6.3,"DATA bundle, 3.0 OR for 7.0 days",7 GB Weekly for only RO 3,data,increase_data_usage,7GB data,7,low|medium|high,Loyal Customers|Potential Loyalist|Champions,2.27,2.1,0.0,1.8,positive,"Data BTL Weekly — 7 GB Weekly for only RO 3: 7GB data. DATA bundle, 3.0 OR for 7.0 days."
USG_1141130,Hayyak Plus,USG_1141130,Hayyak Plus MBB 5GB,5,DATA,"5,120",30,Addon,0,0,5,0,0,0,0,,Omantel,"7,882",699,ATL,yes,upsell|cross_sell|bundle,increase_arpu|increase_data_usage,8.5,"DATA bundle, 5.0 OR for 30.0 days",Hayyak Plus MBB 5GB,data,increase_arpu,5GB data,30,medium|high|very_high,Loyal Customers|Potential Loyalist|Champions,5.1,1.5,0.0,3.0,positive,"Hayyak Plus — Hayyak Plus MBB 5GB: 5GB data. DATA bundle, 5.0 OR for 30.0 days."
8855,Combo BTL Monthly,8855,NBE_Prepaid_RO3_6GB_100MIN_28D,3,COMBO,"6,144",28,,100,0,6,0,100,[NULL],[NULL],*171*809#,Omantel,"8,855","2,686",BTL,yes,bundle|cross_sell|light_nbo,reduce_churn|recommend_best_campaign,6.3,"COMBO bundle, 3.0 OR for 28.0 days",NBE_Prepaid_RO3_6GB_100MIN_28D,combo,reduce_churn,"6GB data, 100 minutes",28,low|medium,Loyal Customers|Potential Loyalist|Champions,2.27,1.8,0.032,1.8,positive,"Combo BTL Monthly — NBE_Prepaid_RO3_6GB_100MIN_28D: 6GB data, 100 minutes. COMBO bundle, 3.0 OR for 28.0 days."
USG_1140960,Hayyak,USG_1140960,Hayyak 3 GB 7 RO Monthly,7,DATA,"3,072",30,Addon,0,0,3,0,0,0,0,,Omantel,"7,819",722,ATL,yes,premium_upsell|upsell|bundle,increase_arpu|increase_data_usage,10.7,"DATA bundle, 7.0 OR for 30.0 days",Hayyak 3 GB 7 RO Monthly,data,increase_arpu,3GB data,30,medium|high|very_high,Loyal Customers|Potential Loyalist|Champions,8.99,0.9,0.0,4.2,positive,"Hayyak — Hayyak 3 GB 7 RO Monthly: 3GB data. DATA bundle, 7.0 OR for 30.0 days."
USG_1150260,Hayyak Extra,USG_1150260,Hayyak Extra - 25% Extra Topup - 30 days,10,NV,0,30,Addon,0,0,0,0,0,0,0,,Omantel,"8,026",760,ATL,yes,retention|reactivation,cross_sell|reduce_churn|recommend_best_campaign,4.0,"NV bundle, 10.0 OR for 30.0 days",Hayyak Extra - 25% Extra Topup - 30 days,nv,cross_sell,Hayyak Extra - 25% Extra Topup - 30 days,30,Zero|low|medium,Loyal Customers|Potential Loyalist|Champions,4.8,0.0,0.09,6.0,neutral,"Hayyak Extra — Hayyak Extra - 25% Extra Topup - 30 days: Hayyak Extra - 25% Extra Topup - 30 days. NV bundle, 10.0 OR for 30.0 days."
7850,Combo BTL Monthly,7850,RO8 - 16GB and 400 Minutes,8,COMBO,"16,384",28,Addon,400,0,16,0,400,0,0,,Omantel,"7,850","2,560",BTL,yes,upsell|bundle|cross_sell,increase_arpu|upsell,13.0,"COMBO bundle, 8.0 OR for 28.0 days",RO8 - 16GB and 400 Minutes,combo,increase_arpu,"16GB data, 400 minutes",28,medium|high,Loyal Customers|Potential Loyalist|Champions,12.48,4.8,0.0,4.8,positive,"Combo BTL Monthly — RO8 - 16GB and 400 Minutes: 16GB data, 400 minutes. COMBO bundle, 8.0 OR for 28.0 days."
USG_1140770,Data Loan,USG_1140770,Data Loan - 1GB - 7 Days,3,DATA,"1,024",7,Addon,0,0,1,0,0,0,0,,Omantel,"8,021",755,ATL,yes,reactivation|light_nbo,increase_data_usage|reduce_churn|recommend_best_campaign|increase_activity,4.0,"DATA bundle, 3.0 OR for 7.0 days",Data Loan - 1GB - 7 Days,data,increase_data_usage,1GB data,7,low|medium|high,Loyal Customers|Potential Loyalist|Champions,1.44,0.3,0.032,1.8,neutral,"Data Loan — Data Loan - 1GB - 7 Days: 1GB data. DATA bundle, 3.0 OR for 7.0 days."
USG_1170570,IDD,USG_1170570,IDD Pakistan 100 Min 200 MB 30 Days 2 RO pack,2,IDD,204.8,30,Addon,100,0,0.2,0,0,0,100,,Omantel,"8,049",788,ATL,yes,cross_sell|premium_bundle,cross_sell,3.6,"IDD bundle, 2.0 OR for 30.0 days",IDD Pakistan 100 Min 200 MB 30 Days 2 RO pack,idd,cross_sell,"204MB data, 100 minutes",30,low|medium|high|very_high,Loyal Customers|Potential Loyalist|Champions,0.86,0.06,0.0,1.2,positive,"IDD — IDD Pakistan 100 Min 200 MB 30 Days 2 RO pack: 204MB data, 100 minutes. IDD bundle, 2.0 OR for 30.0 days."
USG_1171470,Hayyak Plus,USG_1171470,Hayyak Plus 8,8,COMBO,"8,192",28,Master,150,0,8,3,150,0,0,*666*8#,Omantel,"8,884","2,596",ATL,yes,upsell|bundle|cross_sell,increase_arpu|upsell,13.0,"COMBO bundle, 8.0 OR for 28.0 days",Hayyak Plus 8,combo,increase_arpu,"8GB data, 150 minutes",28,medium|high,Loyal Customers|Potential Loyalist|Champions,12.48,2.4,0.0,4.8,positive,"Hayyak Plus — Hayyak Plus 8: 8GB data, 150 minutes. COMBO bundle, 8.0 OR for 28.0 days."
